Column1,Column2,Column3,Column4,Column5,Column6,Column7,Column8,Column9,Column10,Column11,Column12,Column13,Column14,Column15,Column16,Column17,Column18,Column19,Column20,Column21,Column22,Column23,Column24,Column25,Column26,Column27,Column28,Column29,Column30,Column31,Column32,Column33,Column34,Column35,Column36,Column37,Column38,Column39,Column40
탕류,구이류,튀김류,볶음류,무침류,면류,치킨류,피자류,조림류,고기류,라면류,해산물류,회류,생선류,돈까스류,일식류,한식류,죽류,중식류,떡볶이류,세트류,분식류,도시락류,양식류,찜류,버거류,빵류,주류,음료류,밥류,커피류,디저트류,차류,채소류,소스류,반찬류,유제품류,과일류,마른안주류,꼬치류
찌개,구이,튀김,볶음,무침,국수,치킨,피자,조림,육회,라면,해산물,우럭,전어,돈까스,초밥,공기밥,알죽,짬뽕,떢볶이,세트,떡볶이,도시락,스파게티,찜,햄버거,소보루,소주,콜라,공기밥,아메리카노,케이크,오미자차,고추,소스,계란말이,치즈,사과,먹태,꼬치
갈비탕,혼삼 오리지널,고로케,닭똥집,쏨땀,우동,레드킹,슈퍼컴퍼니,,수육,라멘,개불,고등어,병어,카츠,오니기리,된장찌개,낙죽,짜장면,떡볶이,SET,김밥,메가 스리라차 참차치마요,오믈렛,해물찜,버거,식빵,맥주,사이다,국밥,라떼,케익,유자차,마늘,갈릭디핑,콩자반,우유,과일,아귀포,소떡
내장탕,그릴,치즈스틱,모래집,골뱅이,냉면,뿌링클,페퍼로니,,족발,스낵면,전복,광어,갈치,생선까스,돈부리,김치찌개,송이죽,탕수육,닭볶이,셋트,라볶이,돈치마요,비프,아구찜,풀드포크,찐빵,처음처럼,환타,덮밥,마끼아또,쿠키,한라봉차,명이나물,와사비,장조림,크림,포도,빠삭 꾸이포,핫바
아구탕,연탄,도너츠,잡채,가상냉채,쫄면,맛초킹,포테이토,,보쌈,진잠뽕,낙지,도미,아구,고구마까스,카마메시,순두부찌개,미역죽,양장피,컵볶이,모다기,라면,동백,스튜,낙지찜,BLT,소금빵,참이슬,음료,주먹밥,커피,크로와플,레몬티,쌈무,마요네즈,계란후라이,요거트,복숭아,북어포,꼬지전
닭도리탕,직화,꽈배기,닭갈비,족뱅이,소면,후라이드,베이컨체더,,삼겹살,탄탄맨,해삼,농어,박대,돈가스,스시,부대찌개,굴죽,군만두,달달덕복희,Set,상추튀김,국화,스테이크,꼬막찜,홈더블팩,호밀빵,테라,탄산수,비빔밥,콜드브루,와플,수정과,양파절임,비빔장,광천김,젤라토,자두,앗싸가오리,산적꼬지
부대찌개,불백,파전,깐쇼새우,오뱅이,메밀,골드킹,하와이언,,목살,탄탄멘,멍게,방어,꼼장어,까스,카테메시,해물탕,닭죽,짜장,따블,set,순대,개나리,스프,찜닭,홈패밀리팩,마늘빵,카스,스파클링,김밥,카페모카,크로크무슈,식혜,버섯,고추장,두부,아이스크림,키위,마른,닭산적
술국,가문어통족,노가리,간소새우,치뱅이,울면,황금올리브,갈릭슈림프골드,,불고기,,석화,도다리,서더리,아티쟌히레,오차즈케,콩나물국,흰죽,볶음밥,불난마요,+,어묵,매화,수프,굴찜,홈투게더팩,우유버터롤,소성주,생수,볶음밥,카푸치노,샌드위치,밀크티,상추,된장,계란,밀크,바나나,쥐포,매운닭살
동태탕,숯불,치즈볼,오돌뼈,홍유두스,짜장면,닭강정,갈릭쉬림프골드,,등심,,오징어,모듬회,참조기,아티쟌로스,우동,북어국,야채죽,깐풍기,끓떡,정식 ,튀김,양념닭 알찬,스크램블,계란찜,와규에디션,모카롤,진로,쥬시쿨,잡채밥,에스프레소,샐러드,얼그레이,깻잎,쌈장,반찬,버터,블루베리,오다리,5닭
바지락탕,오다리,튀김만두,짜글이,해초,짬뽕,강정,고르곤졸라,,삼겹,,해물,세꼬시,임연수,히레까스,야끼우동,불고기,호박죽,짬뽕밥,쫄볶이,모듬,계란초,잘차린 생일상,피자,숙회,원조빅불,대파빵,클라우드,웰치스,해장국,프라페,빙수,캐모마일,무생채,간장,단무지,모짜렐라,수박,반건조,로우진
양곱탕,타코야끼,유린기,두루치기,,기스면,통닭,슈퍼슈프림,,항정,,낚지,숭어,가자미,로스까스,소바,감자조림,녹두죽,고추덥밥,닭떡,회뜨남 스폐셜,쫄면,벤또,샐러드,아귀찜,사각새우더블,팥빵,청하,쉐이크,오믈렛,프라프치노,잠봉뵈르,자몽티,양파,낫토,날치알,스프,망고,마른안주모둠,우신
서더리탕,철판,깐쇼새우,볶음밥,,수제비,맛쵸킹,쉬림프디럭스,,블렌치노,,새우,과메기,코다리,가츠,야끼소바,장조림,버섯죽,팔보채,라볶이,한상,김말이,,파스타,갈비찜,핫클럽,바게트,한라산,크러쉬,컵밥,마끼야또,브런치,유자티,야채,두반장,파채,생크림,파인애플,육포,소힘줄
곰탕,석쇠,깐풍기,고추잡채,,사리,허니 콤보,하와이안,,편육,,소라,장어회,황태,밀푀유까스,나가소멘,낙지볶음,쇠고기죽,깐풍육,치믈렛,코스,야끼만두,,까르보나라,뽈찜,맵달맵달 리챔,오리지널번,자몽에이슬,스무디,짬뽕밥,프라푸치노,마카롱,버블티,절임배추,미소,무 추가,리코타,딸기,두툼아귀포,지레
도가니탕,구운,탕수육,모듬볶음,,탕짜면,파닭,황제천왕,,갈매기,,대하,물회,아나고,류월이,라멘,멸치볶음,팥죽,잡탕,통큰오짱,런치콤보,만두,,샌드위치,곤이찜,휠랩,모닝빵,칭따오,주스,육개장,카페 모카,머핀,아이스티,무채,집장,떡 추가,요구르트,매실,명태알포,
마리탕,바비큐,가라아게,게살 빠에야,,볶짜면,닭다리,사대천왕,,소시지,,가리비,참돔,한치,삼월이,오코노미야키,배추김치,전복죽,깐쇼새우,빨간크림,브라더박스,달달덕복희,,햄버거,동태찜,미스터 에그,크로와상,하이트,쥬스,도시락,플랫치노,초콜릿,오렌지티,감자,춘장,파 추가,초코에몽,오렌지,노가리,
계란탕,바베큐,미트볼,팟카파오무쌉,,볶짬면,후닭,대표단,,돼지껍데기,,홍게,줄돔,노가리,옛날왕,타코야키,열무김치,품은죽,고추잡채,떡강정,혼자라도 푸짐하게,화채,,토스트,김치찜,에그번,사라다빵,이과두주,에이드,햇반,아인슈페너,파니니,히비스커스,부추,콩장,스팸,연유,자몽,튀김꾸이포,
누룽지탕,,찹쌀공룡알,팟씨유,,짬짜면,닭날개,선수,,뒷발,,꽃게,박대,장어,사월이,돈돈야키,깍두기,흑임자죽,마파두부,김떡만,실속있게 푸짐하게,끓떡,,바비큐,등갈비찜,미트 번,고구마빵,고량주,모히또,돌솥밥,아인슈패너,요거트,허브티,겉절이,새우장,5찬,스페니쉬,레몬,가오리포 ,
알탕,,스위틱,쏘야,,탕짬면,윙봉,수석코치,,앞발,,어리굴,서대,우럭,구월이,덴뿌라,갈치구이,과일죽,류산슬,마떡,오굿박스,쫄볶이,,도그,산오징어통찜,갈릭붐,감자빵,막걸리,리얼딥,유산슬밥,슈페너,달고나,케모마일,양배추,어육장,도토리묵,아몬드브리즈,파인,피스타치오,
치즈탕,,네네볼,어향가지,,당면,핫윙,달콤코치,,불족,,미역,조기,고등어,시월이,스키야키,갈비탕,바지락죽,라조기,치즈폭포순살,쎗트,떡도그,,리조또,반건조우럭찜,더머쉬룸,카스텔라,칭타오,식혜,알밥,헤이즐넛,브래드,페퍼민트,브로콜리,젓갈,장아찌,두유,황도,땅콩,
짜글이,,네네칩,자섬선,,쫄뱅이,핫봉,트리플슈림프,,미니족,,조개,갈치,광어,안심한조각,샤브샤브,설렁탕,내장죽,동파육,차돌로제,꿀조합,유부주머니,,바베큐,새우찜,베스트포지션,크로아상,하얼빈,쿨피스,즉석밥,모카,타르트,블랙티,시금치,초장,명란젓,카이막,배,아몬드,
물총탕,,연유볼,전가복,,치빔면,핫블링,하프앤하프,,갈비,,굴,민어,도미,고로케까스,부타나베,삼계탕,김치죽,탕짬면,깻잎순대,불타는 하루,교자만두,,플레터,꽃게찜,치즈인더트랩,크루아상,칵테일,델몬트,누룽지,블렌드,스콘,레몬청,나물,머스타드,고들빼기,아몬드브리즈 언스위트,청귤,쫀드기,
감자탕,,츄러스,난자완스,,모밀,크리미언,그랑프리씨푸드골드,,떡갈비,,해산물모듬,연어,농어,오월이,오뎅,떡국,짬뽕죽,울면,크루통크림,홍백 스페셜,잡채말이,,함박스테,쭈꾸미찜,디아볼리,커피콩빵,듀체스,갈아만든배,탕볶밥,더치원액,베이커리,딸기청,미나리,케찹,무우,아몬드유,베리,장족,
꽃게탕,,오다리,마라샹궈,,칼국수,스노윙,베이컨체다퐁듀,,한우,,뿔소라,회,방어,돈까,사시미,칼국수,육개장죽,만두,빠져떡,헤븐 스페셜,어묵튀김,,퀘사디아,삐뚤이,텍사스 레드,도넛,에일,미린다,오므라이스,콜드 브루,브라우니,쌍화차,고구마줄기,치즈가루,깻순나물,요거드링크,머스캣,대왕발,
마라탕,,부추전,나시고랭,,생면,바비큐,달콤고구마,,소고기,,산낙지,참치,도다리,매운돈,타타키,물냉면,잣죽,유산슬,떡볶,히트박스,떡꼬치,,파니니,쁠라눙마나오,클래식포즈,밀크빵,레페,신장라무네,계란밥,아포가토,브레드,자몽청,알타리,기름장,해파리냉채,그릭대용량,체리,롱다리,
똠양꿍,,부침개,나시고렝,,누들,훌랄라,슈퍼디럭스,,고기,,날치알,활어,참돔,돈비빔,야키토리,비빔냉면,해물죽,유린기,맵뎅,셋뚜,가마보코,,베이글,건 듀이 버,그릴드하와이,프렌치토스트,사무엘아담스,신짱라무네,공깃밥,코스타리카,베이글,생각차,피클,참기름,쥐포,GREEK,홍시,맥반석몸통,
곤이탕,,찰스틱,오꼬노미야끼,,막국수,뿌리고,단호박체다,,내장,,왕새우,뱃살,줄돔,가쯔동,치킨난반,비빔밥,새우죽,꽃빵,죠스반짜빠반,오무알,김떡만,,치아바타,닭집애,갈릭붐,우유모닝,매화수,토닉워터,녹두찰밥,카페코코다,라즈베리,생강차,혼삼오리지널,칠리,황태채,요거,코코넛,모미,
섞어탕,,도넛,즈람심관,,간짜장면,멕시듀오,베지터블스페셜,,닭한마리,,갑오징어,황새치,박대,가츠동,가라아게,만두국,단팥죽,짬짜면,오떡,무마알,떡강정,,페퍼로니,,클래식 포즈,크림빵,복분자,펩시,짬짬이밥,자색고구마,크러쉬,레몬차,샐러드,디핑,뱅어포,까망베르,황도,맥반석오다리,
닭한마리,,감자스틱,카우무,,푸실리,윙,허니멜로피자,,뼈 추가,,아귀,주도로,서대,삿뽀로정식,니쿠자가,라면,홍게죽,볶짜면,네네볶이,오마알,교자,,에그마요,,더머쉬룸,맘모스,좋은데이,핫초코,짜장밥,샷,커드,시나몬청,비트무,랜치,메추리알,하이 바나나,크랜베리,섞어 찡구,
조개탕,,모짜감짜,카우팟꿍,,팟씨유,버팔로봉,시카고,,소세지,,모듬해물,오도로,조기,가스,도테야키,떡볶이,삼계죽,볶짬면,치즈반로제반,하트박스,떡순범벅,,찹스테이크,,텍사스레드,치아바따,맑은이슬,레드불,쌈밥,샤커레토,아포가토,생강청,은행,누텔라,멸치,허니머거,유자,다미,
우럭탕,,칩카사바,팟타이,,볼로네이즈,멕시핀,딥디쉬피자,,안창살,,관자,가자미회,갈치,돈쫄,가라야게,닭발,마늘죽,탕짜면,죠스반치즈반,어시장,떡튀순,,깔보나라,,외계인오징어,건강빵,대장부,버드네스트,치밥,카페,뚱카롱,후르츠차,얼가리배추,하바네로,쥐채,하이베리,패션후르츠,코코찡구,
매운탕,,요우티아오,향라육슬,,쫄볶이,닭볶이,콤비피자,,살치살,,게장,다랑어,민어,통살생선,낫토,육개장,양송이죽,탕볶밥,죠스반로제반,나혼사산다 ,튀떡,,아라비아따,,네오 같이먹자,황남빵,백세주,코코넛워터,백반,비엔나,모나카,허브차,루꼴라,맵소사,명엽채,고구마머거,트리플베리,갈릭찡구,
오뎅탕,,두부전,쯔란심관,,소바,퐁닭,투탑박스,,주물럭,,쭈꾸미,아나고,연어,떡돈콤보,가쓰오부시,콘치즈,유산슬죽,마라탕,컵츄볶이,골드스페셜,순떡,,봉골레,,쏘유두유,구리볼,산사춘,코코팜,나물밥,사이공,찰떡,녹차,양송이,커리딥,오이소박이,청포도머거,한라봉,대구포,
지리탕,,베이비크랩,마라샹꿔,,라볶이,교촌,하와이언쉬림프,,백숙,,삼선,한치,참치,크돈콤보,후토마끼,해장국,소고기죽,마라샹궈,떡/볶/이,로얄스페셜,컵츄볶이,,알리올리오,,베스트 포지션,베이비 만주,칭다오,미닛메이드,카레라이스,브륄레,쑥떡쑥떡,보이차,콥샐러드,뿌링뿌링,비엔나,베리,감귤,복어포,
물메기탕,,모둠전,해링고,,짜장,양념반,몬스터 불고기,,폭립,,게살,명태회,황새치,辛돈,캘리포니아롤,곱창,이유식,간짜장면,쏘크라테스,혼자해,라뽁이,,비스트로,,,카스테라,콜센동크,마운틴듀,유부초밥,더치,츄러스,치즈티,버,갈릭퐁당,고구마맛탕,하이 인절미,애플망고,짝태,
어묵탕,,모듬전,마라향궈,,잡채,맵닭,마루파이브,,두루치기,,쉬림프,코다리,다랑어,돈갓,연어롤,막창,보양해신죽,간짜장밥,실쏰,이쑤신장군,핫볶이,,게살 빠에야,,,파운드,오비,맥콜,빠다밥,메가리카노,크로플,자몽차,오이,청양마늘간장,달걀말이,사과머거,자몽,황속참,
해장국,,멘보샤,쓰딴,,비냉,바베큐,몬스터 콤비,,혼삼 오리지널,,낙곱새,아카미,코다리,통고구마반반,타코와사비,대창,미음,새우볶음밥,라뽁이,추접60분,떡뽁이,,토마토 카프레제,,,파니니,센노유메,한라봉,필라프,밀키슈페너,티라미수,버블,바질토마토,마늘간장,혼삼 오리지널,오렌지머거,키위,가문어 꼬리,
해내탕,,동태전,스딴,,물냉,블랙갈릭,몬스터 치즈,,찜닭,,오삼,아까미,홍어,통모짜반반,회덮밥,선짓국,큰한끼,잡채볶음밥,핫볶이,뭔개소문,김돈스,,함박한상,,,심쿵랜덤박스,간바래오도상,미란다,맨밥,에티오피아,밀키롤,홍차,파무침,소이버터갈릭,젓갈,하이사과,무화과,문어발 망족,
내곱탕,,모듬볼,마라썅궈,,파스타,볼케이노,딥치즈베이컨,,닭볶음탕,,낙삼,간장새우,꽁치,로스,활어초밥,팥죽,전북죽,고추볶음밥,떡뽁이,시베리안 허숙희씨,오돈스,,볼로네이즈,,,심쿵소확행박스,간바레오또상,딸기바나나,마파밥,인도네시아 만델링,버터 볼,우롱티,쌈,스윗양념,갈치속젓,자몽머거,,학꽁치포,
해곱탕,,김말이,공보계정,,짜파구리,갈비천왕,크러스트,,앞달리살,,회뜨남 스폐셜,대방어,동태,고구마치즈,멍게덮밥,김치,죽 추가,사천탕수육,불여시반반볶이,찬합,소돈스,,씨푸드마운틴,,,심쿵델리박스,이즈백,포카리,부타동,커푸치노,이너츠,그린티,토마토,치즈폭포,열무김치,요거스,청포도,순살아귀통포,
뼈다귀해장국,,야끼만두,쯔란신관,,골빔면,바사삭,디트로이트,,등갈비,,꼬막,숙회,먹태,히레,활어회,계란말이,미니죽,부추만두,불여시어묵볶이,두리쥬와,피카츄,,오무라이스,,,휭거마드레느,스카치블루,팥초코,텐동,플랫화이트,프레즐,대추차,숙주,고구마무스,조미김,생생멜론,석류,월남콩,
전골,,돈까스,향라유슬,,스낵면,갈릭마왕,콤비네이션,,닭다리살,,골뱅이,문어숙회,볼락,고메정식,가쓰오장국,게장,,게살부추만두,오구쌀덕볶이,한잔해,새돈스,,그릴후랑크,,,펜타스톰X리턴즈,로스트코스트,칠성,에비동,드립백,다쿠아즈,대주차,우거지,샤워크림,소세지,생생망고,귤,북어채,
만두국,,닭가라아게,라즈지,,알리오올리오,마일드,쉬림프불고기,,닭목살,,타코와사비,새우장,간재미,현일병 정식,교자나베,새우장,,새우칠리,벌 떡,혼밥의달인,돈쫄,,폭립,,,크래미 크라상,연태구냥,아이스티,아나고동,롱블랙,캬라멜,로즈마리,파채,허니머스타드,날치알쌈,비건그릭,천혜향,아귀구이채,
부대전골,,탕수,위샹러우쓰,,안동국시,순살,스위트고구마,,닭똥집,,오만둥이,굴회,메로,혼밥의달인,야끼교자,밥상정식,,간소새우,고 뎅,혼밥의정석,치쫄,,라구파스타,,,앙금빵,진저비어,스프라이트,뽀끔밥,원두,돼지바,자스민,봄동,시즈닝,콘치즈,샤인자몽,쥬앤칩스,,
육계장,,호떡,까이텃 남쁠라,,면곱빼기,핫쵸킹,쉬림프치킨,,똥집강정,,미더덕,활어회,대구,혼밥의정석,모밀소바,전골,,새우깐풍,맵치떡,라오니박스,핫볶이 ,,페쉐,,,몽블랑의 정석,진로이즈백,과일드링크팩,초밥,라테,티라미슈,패피차,애호박,네네짜용,양파장,용과파인,아보카도,,
삼계,,프라이,카이 룩크이,,돈비빔,푸라반,핫치킨로스,,돈까스,,곤이,연어장,붕어,돈치떡,카레,콩돈,,쇼좌빙,핫볶이 ,드림박스,손반반,,아라비야타,,,까까웨뜨,팩소주,물,라이스,아포카토,찰스틱,애지차,곤드레,딥치즈,무채,오골드키위,피치,,
뚝배기,,스틱,팟팍붕 파이댕,,분모자,닭껍데기,리치골드,,냉채족발,,명란,홍어,명태,돈반치반,타코야끼,카레,,춘권,어볶이,이것도먹고싶고저것도먹고싶을땐~~,감자반반,,감바스,,,마구마구 고구마,생맥주,초코라떼,오뚜기밥,케냐AA,커스터드,프룻티,콩나물,치트킹,파무침,콩절미홍시,모과,,
잡탕,,강정,팟 팍 루엄,,라뽁이,콤보반반,매싹달싹 반반허니,,반반족발,,바지락,바다활어회,박성대,은화수정식,카츠동,부추전,,쟁반짜장,맹호우볶이,핫뚜셋뚜,잎새반반,,함박,,,찰보리빵,진로팩,탄산,유부롤,수마트라 만델링,도넛,매실 티,가지,새우젓,치킨무,듬뿍무화과,스트로베리,,
콩나물국,,똥집튀김,라우몽싸오,,분짜,빠다갈릭,불고기캐비지,,닭껍질,,키조개,눈다랑어,시사모,치킨안심,가라아게동,부침개,,쟁반짬뽕,빨간리조떡,만원의 행복,통새우만두 ,,필라프,,,미강경주빵,모히또,뚱캔,봉구퀸,오레그랏세,휘낭시에,민트티,무순,비빔다대기,피클,허니컴오트,애플,,
육개장,,고구마스틱,마랴샹궈,,혼자라도 푸짐하게,반마리,플레인치즈,,염통,,홍합,가마뱃살,점성어,2장,냉모밀,오므라이스,,누룽지탕,꿇떡,,잎새고기,,바질페스토,,,미스터에그,설중매,버블밀크,봉구킹,커.피,팔미에,오미베리 베라티,도라지,즈란,계란찜,펌킨시나몬,망고,,
골뱅이탕,,해쉬브라운,마라향꿔,,실속있게 푸짐하게,치팝,수제볼고기로스,,모래집,,만득이,메까도로,잉어,3장,가마보코,강황떡,,송이덮밥,응급실맵블라,,잎새김치,,엔쵸비,,,아보홀릭,신사춘,카라멜,밥버거,정열의 심장,설빙,아쌈,아보카도,아카시아벌꿀,절임계란,샤이닝블루,패션프룻,,
미니장국,,체다웻지,까이쌉,,탄탄멘,반한닭,뉴옥치즈,,베이컨,,우니,배꼽살,삼치,치즈롤,새우장,섞어떡,,깐풍,불여시,,오징어먹물,,로제,,,크랩마요,깔루아,프라노베,사케동,미녀와 야수,붕어빵,티,팽이버섯,스위트칠리,소시지,화이트치즈베리,라즈베리,,
삼계탕,,바삭오.감.치,오코노미야끼,,아마트리치아나,튀김,허니딥하와이언,,돼지,,돌문어,참다랑어,도리뱅뱅이,새우가스,커리,백숙,,라조육,오뽂이,,맹호우볶이,,버거,,,구름빵,와인,스윗 뿅뿅 프라보네 ,밥 추가,창포물에 제비꽃,찹쌀떡,맑은 유자 플럼 티,다시마쌈,허니갈릭,김가루,무화과베리,청귤,,
곰도리탕,,즈볼,궁바오지딩,,알리오 올리오,치하오,갈릭핫불고기,,갈비찜,,쭈구미,대뱃살,,크리미 3장,마제소바,닭개장,,간짜장,벌집껍볶이,,궁순이,,에그랩,,,잡곡찹쌀빵,코젤다크,머스캣,맵반,봄에 피는 꽃,인절미,맑은 배도라지 티,연근,크림치즈,씨앗들깨멸치볶음,5베리베리,멜론,,
미역국,,코코넛쉬림프,향라러우쓰,,로뽕,맵소킹,나홀로,,제육두루치기,,문어,가미뱃살,,등심 3장,부타동,선지국,,유니짜장,궁순이,,떡튀범벅,,촉촉칸치빵파티,,,공갈빵,필스너,에스프레소,유부,장화홍련,아이스크림,시나몬 진저,오이고추,데리야끼,곰취,와일드바삭,참외,,
청국장,,프렌치 프라이,궁보지딩,,뽕골레,커리퀸,페파로니,,닭고기,,대게,소라장,,카레 3장,텐동,추어탕,,고추덮밥,뚠뽀끼,,쏘떡쏘떡,,바사칸치빵파티,,,피자빵,강바레오또상,넛츠,떠먹는 돈까마요,피노키오,블루베리쨈,루이보스,달래,겨자,초무침,돈시몬 PEACH GRAPE ,살구,,
홍합탕,,버팔로스틱스,징징육슬,,크뽕,블랙올리브,오리지널 두판,,막창,,랍스터,병어,,,에비동,묵사발,,잡채밥,돈치떡,,콜떡,,나쵸,,,코요타,크라운에일,초코,따뜻한 밥,피터팬,꿀떡,유러피안후르츠,참나물,콩가루,동치미,다크초코베리,백향과,,
순대국,,버갈풍,외샹육슬,,맵크뽕,마라칸,프리지널 두판,,곱창,,털게,벤뎅이,,,아나고동,두루치기,,크림새우,떡복기,,떡순이,,라자냐,,,후레쉬번,양맥,자바칩프라보네,믹스동,햇님달님,가래떡,쿨민트,냉이,벌꿀,절인배추,트로피컬무드,단감,,
닭개장,,도그,깐꿔소양,,냉뽕,포테킹,매싹나홀로,,통족,,고니,쥐치,,,아부리,혼삼,,크림탕수육,눈.치.떡,,핫뚜셋뚜,,빠네,,,크라상,제임슨,베리베리 스무벨라,브리또,신데렐라,호떡,카모마일,시래기,다데기,무생절이,로투스크럼볼,용과,,
번데기탕,,잡채말이,라차오하이링구,,비빔냉뽕,싸이,치즈킹 반반허니,,바비큐,,알고니,사시미,,,생선한잎,닭도리탕,,고잡,맵떡,,만원의 행복,,그라탕,,,다보스쿠헨,하이볼,뱅쇼,밥한공기,내머리속에무지개,수플레,세레니티 (블렌딩허브),취나물,초고추장,무김치,홍시애유,Grape Fruit,,
설렁탕,,모짜감자,팟파뿡,,토뽕,콜팝,반해반해반,,소내곱,,알추가,혼마뽈살 ,,,오꼬노미야끼,능이버섯,,깐쇼,눈치콧떡,,,,카프레제,,,마약빵,잭콕,자바초콜렛칩,현미밥,다방이 다비다,과자,루이보스 빌베리(블렌딩허브),꽈리고추,드레싱,백김치,,샤인머스켓,,
해갈탕,,오지치즈후라이,팟카파오무,,일뽕,바삭클,트러플스테이크,,뚝불고기,,킹크랩,도시어부,,,나베,묵은지,,멘보샤,벌떡,,,,에그모닝,,,레오파드,말리부,스노우,보리밥,아메리캔,쿠크봉,허니레몬차,마늘쫑,피즈가루,오이피클,,메론,,
알곤탕,,콘소메포테이토,카오팟 무,,차뽕,날개,쉬림프치즈킹,,햄,,디포리,사케동,,,메카,오징어찌개,,어향가지,벌뎅,,,,몬테크리스토 ,,,도그,연태고량주,청도홍시코코넛,아부리사케동,토피 넛 라,요우티아오,사과유자차,곰피,파마산가루,노가리,,아이스홍시,,
차도리탕,,생선카츠,카오팟 꿍,,마라훠궈탕면,다리,베이컨쏘핫,,비프,,멸치,참디라어,,,락교,무뼈,,경장육슬,고뎅,,,,스테이키,,,단팥크리미,한맥,쿠키&크림,규동,비니스트스페셜에디션,큐벨,한라봉감귤차,파래,트러플오일,모둠포,,리치,,
나베,,가라야게,,,국시,알마간반,미스터트리오,,닭가슴살,,고동,메카,,,사케동,통뼈,,자섬선,쟁반국떡,,,,멕시칸 랩,,,동궁 찍먹빵,국순당,레모네이드,가쯔동,원액추가,웨지감자,청귤차,고사리,마분말소금,주도,,구아바,,
낙.대.새,,치감,,,쌀면,고마간반,쉬림프골드,,스테이크,,해파리,광연,,,규동,고추장찌개,,꿔보러우,떡순이,,,,타코,,,통밀트리플후르츠,진로팩소주,미숫가루,쌀톳,꼼빠냐,케이준감자,매실차,더덕,다대기,해파리무침,,감말랭이,,
대구탕,,춘권,,,마카로니,스노우퀸,포테이토골드,,오삼,,흑산도 스페셜,감성돔,,,가쯔동,돼지김치조림,,마라롱샤,찐텐 로파떡,,,,알리오올리오,,,푸가스,이슬톡톡,닥터페퍼,무쌉,히말라야,크로와상,말차,아욱,와사마요,배추김치,,사과대추,,
만둣국,,네네스위티,,,팟타이,고마간,햄벅한새우,,콩불,,마라룽샤,놀래미,,,모찌,갈비찜,,어향육슬,,,,,베이크,,,쫄깃한토종효모빵,자몽톡톡,트로피카나,카우무,라뗴,바닐라돔,맨드라미,느타리,파마산,깍두기,,나주햇배,,
매생이국,,웨지감자,,,신뽕,알마간,미피복희,,낙삼,,가재,돌돔,,,갓스동,불고기전골,,가지류육단,,,,,또띠아,,,먹빵박스,메를롯,슬러쉬,카우팟꿍,브라질 산토스,데리슈즈,쟈스민,슬라이스마늘,아카시아 꿀,진미채,,연시,,
얼큰이,,콜팝,,,순뽕,불양념,감자베이컨,,바베큐,,해링고,메까,,,가스오장국,순대,,향라메뚜기,,,,,마프룸,,,견과빵,모스카토,프라페,쌀밥,금요일 오후,모카티누,모과차,파절이,해선장,두부조림,,대봉,,
장국,,바게트볼,,,쏸 라 펀,땡초갈릭,새우군단,,불백,,삐툴이,혼마 속살,,,마구로,알곱창,,향라개구리다리,,,,,마르게리따,,,달걀듬뿍 패스트리,샤도네이,민트초코,,핸드드립,라에치아,수제청,군고구마,오곡참깨,계란장,,오디,,
수주 육편,,케이준감자,,,중화면,커리양념,오치즈,,차돌,,게맛살,밴댕이,,,엔가와,알막창,,향라대하,,,,,그린페스토 ,,,소보로,까베르네쇼비뇽,배즙,얼큰이,아메,데지루,타로티,군옥수수,발사믹,모둠전,,,,
대구지리,,새우링,,,비빔냉말이,치즐링,새우천왕,,부대,,마라쇼룽샤,가야,,,몬스터특선,열무,,어향육사,,,,,프리타타,,,고소미브레드,하이네켄,사과즙,봉컵,고나,아마도라,보리차,셀러드,양념 추가,동전쥐포,,,,
가스오장국,,크림새우,,,냉말이,BB윙스,통새우반우삼겹,,꽃등심,,마라쇼륭샤,능성어,,,몬스터모둠,뚝불고기,,계란토마토덮밥,,,,,브리또,,,반미,버드와이저,본매실골드,마요봉순이,레쓰비,봉봉코코,플로랄티,올리브,스리랏차,꼴두기젓,,,,
아빠지개,,짜조춘권,,,시안량피,매달구,포슬포슬감자,,택사스브리스킷,,피뿔고동,자연산,,,오야코동,수제비,,향라육사,,,,,아마트리치아나,,,깜빠뉴,레드락,본오미자골드,김치삼겹박스,지연식농축드립,얼그레이바,빙홍차,옥수수,오일,콩조림,,,,
샤브샤브,,탕수강정,,,짜게치,소이갈릭스,불고기반,,슈바인학센,,성게알,메카도로,,,계절 한판,낙곱새,,전가복,,,,,알리오 올리오,,,크루와상,혼술,본석류골드,치킨마요박스,샤케라또,시나몬바,치파이,새송이,후리가케,우엉조림,,,,
샤브만,,우유튀김,,,아j마트리치아나,레드홀릭,마약옥수수,,쫄깃살,,오뱅이,마구로,,,마끼,만두,,난자완스,,,,,씨랩,,,페이스츄리,토닉워터,밀키스,전주비빔박스,사케라또,카푸치노바,우롱차,파체,뿌리랑깨,무짠지,,,,
오늘의 국,,집게살튀김,,,페스카토레,치빵파티,감자군단,,닭도리,,마라샤오룽샤,엔가와,,,오꼬노미,불백,,꺈쇼칠리새우,,,,,미트랩 ,,,당근 빵,이과두,미수까루,오믈렛박스,시바리카노,다크로쉐,빙당설리,아사이보울,표고가루,청포묵,,,,
강뼈탕,,야채범벅튀김,,,사천탕면,쌈닭화이타,블라썸스테이크,,제육,,게불,점성어,,,군함,짜글이,,삼풍냉채,,,,,잠봉뵈르,,,갓군샌,설원,딸기라떼,타이박스,아우리카노,밀크로쉐,진액청,슈퍼그레인보울,새우가루,무말랭이,,,,
닭두마리,,텐더,,,푸타네스카,바사칸 닭,씬,,소불고기,,다시마,도로,,,앤유 스페셜,해내탕,,훠궈,,,,,크레마 디 마레,,,고구마 빵,WINE,초바,목살스테이크박스,샤가레또 ,엿,후추차,대파,들기름,건고구마줄기,,,,
고니탕,,너겟,,,크레마감베로니,레드그릴,톡톡콘치즈,,소곱창,,멍개,엔까와,,,와규,내곱탕,,꿔보로우,,,,,감베리 로제,,,아기궁댕이,닥터해헤르만트로켄리슬링,트레비,단호박영양밥,레스비,머랭,로즈힙,사라다,꿀추가,미역줄기,,,,
뜨거운 것이 좋아,,공룡알,,,빠쉐,불고기그릴,치폴레스테이크,,뼈다귀,,피쉬볼,돗돔,,,오마카세,해곱탕,,꿔바러우,,,,,꺼르보나라,,,클래식루벤,아로쎄로,프라푸치노,흑미밥,예가체프,롤케익,다즐링,반건조 파,갈릭아이올리,겉절이,,,,
해신탕,,꿔보러우,,,꽃분모자,후레쉬쌈닭,페페로니,,큐브스테이크,,명태알,다금바리,,,샤브만,호떡,,짬짜,,,,,에그인 헬,,,효모빵,라움브라피노그리지오,골든메달,오야코동,코코몬프레소,눈꽃빙수,동윤영,그린,치폴레아이올리,알타리,,,,
연포탕,,롱새우링,,,돈쫄,바삭오.감.치,핫비비큐,,대창,,쭈낙,혼마스페셜,,,데마끼,우리곡물,,볶짜,,,,,샥슈카,,,단팥앙빵,야고바이오레드,체리콕,몬스터봉구,빅보스,티라미스,동링차,샐러리,케챱,묵은지,,,,
뽈탕,,말이,,,냉초계면,데리갈릭 로스트,파스트라미,,닭갈비,,랍스타,머리볼살,,,타마고산도,반반전,,볶짬,,,,,미스터에그,,,에그미니,클럽까삐딴오가닉틴토,분다버그,달달 크래미,콜드부루,오레오,진정차,고수,핫양념 추가,김,,,,
생합탕,,난자완스,,,닭개면,후끈이,신세개,,육전,,백합,불새치,,,고노와다,닭도리식사,,탕짜,,,,,아보홀릭,,,뀐아망,버터플라이몬테폴치아노,스트로베리치즈홀릭,군함,둘둘둘,초코,구절초차,모닝글로리,시럽 추가,얇무지,,,,
똠얌,,살살미니,,,량필,호차오,리얼고구마,,부채살,,미양 꿍,자리돔,,,낫또,닭계장,,탕짬,,,,,크랩마요,,,바게뜨,프라호바밸리,퐁크러쉬,밥 한 공기,콜드블루,프라페,목련차,포케,양념컵추가,단뮤자,,,,
근대국,,포테이토,,,비빔막국쭈,치슐랭,씨푸드,,소갈비살,,쮸꾸미,골드스페셜,,,그집 스페셜,콩비지,,탕볶,,,,,마카로니,,,꽈베기,대선,뽀로로,밥(한공기),Coffee,허니브레드,국화차,시레기,케첩,무쌈,,,,
순댓국,,통새우볼,,,비빈면,버팔로 스틱,차슈,,오겹살,,맛살,로얄스페셜,,,오코노미야끼,파계장,,꿔바로우,,,,,맥앤치즈,,,앙빠,오비라거,골드메달,카오빠오,바닐라 딜라이트,쿠키슈,오미자,쌀톳,허니시럽,묵,,,,
국추가,,지파이,,,쫄삼,순살소금,슈프림콤비,,특양,,생선머리,혼자해,,,에비타마동,닭도리,,마라반,,,,,One(원)정식,,,앙빵,정종,ABC,카오 무텃남쁠라,메카리카노,파이,인삼,팽이,트러플소금,더덕,,,,
보신탕,,치즈인더에그,,,비빔실면,순살양념,미트토핑,,머리고기,,킹타이거,이쑤신장군,,,네기마요,제육,,차이니즈번,,,,,아j마트리치아나,,,찰꿀빵,화랑,소다,카오 무텃까띠얌,콜드브로,얼음빙수,히브스커스,쑥갓,양념장,오찬,,,,
업진탕,,치새믹스박스,,,분보싸오,순살반반,모모스테기,,오리,,마라따쌰,추접60분,,,타꼬야끼,소곱창,,라즈지,,,,,페스카토레,,,고구마플,오디주,레몬라임비터스,카오 무끌롭,달구나,테린느,한여름밤에 꿈,청경채,씸장듬뿍,코울술로,,,,
맑은탕,,궈바오러우,,,다루몐,고추크러시,골드랑군,,대패,,마라쇼룡샤,뭔개소문,,,마제면,돌솥,,탄탄멘,,,,,베지 또띠아랩,,,시오빵,카프리,더블초콜릿,카오 만까이,바리스타마스터,크로크 새뇨르,달콤한연애,파절임,생와사마요,할라피뇨,,,,
우족탕,,완자,,,쟁짜,깨범벅,쓰리고,,어깨살,,,쥬도,,,타코야기,뚝불,,닌자완스,,,,,에그마니요,,,뚠뚜니빵,발렌타인,그린트스노우,카오팟 능아 남만허이,식후민트라땡,깨전병,꽃피는 계절,양구 펀치볼,치블링씨즈닝,깍뚜기,,,,
돈탕반,,멕시감자,,,자장,맵슐랭,의좋은사형제,,돼지갈비,,,도로동,,,스키야끼,뼈다귀찜,,즈람심관,,,,,코올슬로,,,깜빠,위스키,중독치노,주머밥,미녀와야수,롤와퍼,가로수길의 추억,콩앤콩,허니머스터드,땡초절임,,,,
수이주뤄우팬,,감자폭탄,,,꿔이띠아오,날다닭마늘,싸우지마요,,돼지불백,,,카이센동,,,벤또,소간계,,마라훠궈탕면,,,,,푸타네스카,,,건강몰빵,제임스 스탠다드,아데스아몬드,껌진 팃 헤오,콰테말라,로투스비스코프,감귤에퐁당티,노루궁뎅이,바닐라시럽,김부각,,,,
무국,,어니언링,,,랏나,날다닭간장,수퍼 파파스,,우삼겹,,,오도르,,,도로동,계란밥,,신뽕,,,,,크레마감베로니,,,귀요미 빵,화이트와인,페리에,프리미엄정거장,코체레 예가체프,햄&에그,그레이,동충하초,메이플시럽,동그랑땡,,,,
스키야끼,,프라이즈,,,납작면,윙봉스,마가리타,,대패삼겹,,,주도르,,,카이센동,육전,,순뽕,,,,,살라미,,,패스트리,시바스리갈,꽃처럼 예뻐지는 레몬자몽,까이쌉,블랙그라운드,에그마요,우롱,아스파라거스말이,블루큐라소,파절이 ,,,,
반계탕,,탕슈,,,뚜뚜베네,치요링,올미트,,깐양,,,가마도로,,,폰즈야끼,콩국수,,마라룽샤,,,,,빠쉐,,,샌2드위치,앱솔루트,자유레 여신상,멸추주먹,앗메리카노,꽃살크래미,Muscat,꺳잎,플레인요거,프랑크,,,,
막도리탕,,팝만두,,,포보,맵소이,포테이트,,스지,,,바다애특선,,,쇼가야끼,털레기,,궈보러우,,,,,피쉬앤칩스,,,영양범벅,보드카,홍시를 통째로 갈아,참치마요네즈,다방푸치노,훈체베이컨에그,잉글리쉬 블랙퍼스트,코우슬로,올리고당양념,무짱아찌,,,,
대구뽈탕,,오징어볼,,,짜볶이,생그라나,멜로우 머쉬룸,,양지,,,,,,반반타코,들깨,,전병,,,,,볼로네즈,,,고소한콘빵,하이네캔,레드블라썸,에비타마동,캔메리카노,바삭갈릭,마리골드,고구마순,츄블링,호박전,,,,
두뽁,,해시브라운,,,막구수,똥집,폴드포크 몬스터,,함박,,,,,,,이북식,,쏸 라 펀,,,,,잉글리쉬브렉퍼스트,,,밤빵,호가든,헐크,곤약잡곡밥,과테말라,웨하스,꿀과실차,당근,페퍼론치노,락교,,,,
명태지리,,콘볼,,,쏸라펀,꼬들목,불벅 몬스터,,오소리감투,,,,,,,양푼,,향라육슬,,,,,달걀듬뿍 패스트리,,,쌀파네토네,산미구엘,COKE,달달유부,콜롬비아,허니글루,스위트 후르츠,아스파라,양념장,명이,,,,
수죽육편,,녹두전,,,밀면,페리윙,반올림고구마,,내장수육,,,,,,,오돌뼈,,꿔보우러우,,,,,마르게리따,,,큐브크램,화요,SPRITE,특밥1991,케냐,젤라또 ,콤부차,케이퍼,마유 라유,섞박지,,,,
,,치감칩스,,,얌운센,핫데블,스위트박스,,닭반마리,,,,,,,낙새,,쯔란심관,,,,,에그번,,,큐브부시맨,준마이,DR.PEPPER,봉순이,인도네시아,샌드,Tea,우엉,머스터드,아몬드지리,,,,
,,꿔보로우,,,마제면,맵삭,반올림핫콤보,,양갈비,,,,,,,낙곱,,모두궈,,,,,미트 번,,,화덕빵,잇본기 나마죠조,WELCHS,봉구스,스윗 브리즈,초콜렛,warm ,월남쌈,할라피뇨잼,게란말이,,,,
,,블랙치보샤,,,얼큰해장파스,다리날개,내맘대로 반반,,흑돼지,,,,,,,낙삼새,,마라가재,,,,,뽀모도로,,,머빵,HOEGAARDEN,SPARKLING ,뚱유부,만델링,초코초코,라벤더,코울슬로,달콤양념,다시마,,,,
,,꿔바러우,,,칼만이,치즈뿌리오,달콤딥고구마,,뼈추가,,,,,,,똥집,,러우똰,,,,,타코 ,,,흑미영양빵,STELLA ARTOIS,TEA,팟카파오무,브라질 세하도,레드와인 무화과,엘더플라워코디얼,피망,매콤마요,수란,,,,
,,사이드샘플러,,,분넴,로스핀,리얼 단호박,,등뼈,,,,,,,불닭,,마라룽샤꼬리,,,,,오후의 효성동,,,뺑오레쟁,BUDWEISER,요거치노,카오팟 무,아메레카노,햄에그샌드,계화코디얼,바질,청양마요,짱아찌,,,,
,,플로리다랑군,,,비갈튀,가라아게,정원초과,,소금구이,,,,,,,순두부,,가상냉채,,,,,과카몰리,,,데니쉬,스텔라,써핑쿨,카오카무,헤이즐럿,바질햄에그,찡댄나이차,병아리콩,히말라야 핑크소금,육적,,,,
,,야끼,,,짜계치,스노윙치즈,랍스타X미트,,닭곱새,,,,,,,동치미,,마라샹꿔,,,,,스크럼블에그,,,드위치,고려촌,꿀~고구마,카오팟 꿍,에소프레소,쉬림프샌드,로즈플라워,렌틸콩,고춧가루,각무,,,,
,,깔라마리스,,,빈체로 페스카토레,스노윙야채,우주선,,양고기,,,,,,,강된장,,향라번데기,,,,,낫쵸,,,꿀찰빵,화이트,슬러시,사짜밥,블랜딩,솔트카라멜,TEA,방울토마토,쓰리라차,깨순,,,,
,,꿔바로우,,,마레크레마,쇼킹핫,상상초과,,칠면조,,,,,,,씨앗호떡,,홍소육,,,,,뚜뚜베네,,,크람 오페라,cc,화이트 초콜,강황밥,냉장고에 두고 타마시는 에쏘,로투스,마리앙뚜와네트,채소가좋아,올리고당 양념,뻔데기,,,,
,,김부각,,,바질리코,고추바사삭,웨스틴콤보더블,,스모크덕데이즈,,,,,,,백반,,류쐉똰,,,,,프리미엄정거장,,,밀봉,센300,Coke,도로동,맛있구마,애플잼소보로,쥬뗌므,양파채,갈릭딥핑,기본찬,,,,
,,슈가롤,,,치킨로제,양념히어로,콰트로,,미트BY미트데이즈,,,,,,,닭갈비,,마라향궈,,,,,퐁듀,,,찰갱이,양하대곡,Lemonade,해봉이,브라질,마들렌,깡세르,콩앤콩,식초,기본스끼,,,,
,,단짠후라이,,,비빔말이,뼈싫,모모스테키,,토마호크,,,,,,,백김치,,중화면,,,,,학센,,,단호박빵,테리,산펠레그리노,몬스터 봉구,시그니쳐,초코칩,달위에서 차한잔,스위트콘,비비추가,우엉채,,,,
,,스크류 츄로독,,,라사톰,닭똥집,맵따불,,염소,,,,,,,무김치,,탐짬,,,,,리소토,,,빵푸딩,필스너 우르켈,팹시,가지밥,TANZANIA,마카다미아 블론디,대추생강,SALAD,양념추가,부각,,,,
,,짜조,,,,홀갈릭마요,COMBO,,백돌뼈,,,,,,,김치전,,우찬러우,,,,,투움바,,,포카챠,블랑,자바칩,압력솥밥,KENYA,스모어,마테,,쉐킷쉐킷,올리브 자반,,,,
,,빈대떡,,,,텐더,올댓미트,,야순이,,,,,,,메밀전,,마라쇼룽샤,,,,,사우어덕,,,잠봉,청주,스트라이프,카이센동,ETHIOPIA,마시멜로우,잉글리스 로즈,,달콤마요,초생강,,,,
,,라즈지,,,,통다리,고구마클래시카,,스테이키,,,,,,,홍어삼합,,마라소사슬,,,,,후무스딥스,,,바움쿠헨,매취순,씨그램,대접밥,에소,도너츠,호박차,,케첩,채생강,,,,
,,쫀도그,,,,내슈빌통다리,도이치,,앞다리,,,,,,,돼지불백,,시안량피,,,,,샥슈카,,,메론빵,후레쉬 ,암바사캔,스페셜마리,다크,고로케,모링가,,캐첩,겉저리,,,,
,,깔라마리,,,,치즈뿌치,육즙콤보,,뒷다리,,,,,,,쭈곱새,,수주 육편,,,,,B.E.L.T,,,깜장고무신,캐나다드라이,레인보우 크런치 스페셜라,장조림밥,캐러멜 마키아토,꽈배기,레모진져,,꿀,재래기,,,,
,,치치볼,,,,바사칸,페퍼디언스,,차도리탕,,,,,,,사골,,마라쇼륭샤,,,,,프토플레이트,,,달달한고구마,페어진저,아마존,밥 (큰공기),LATTE,휭거마드레느,우엉차,,시나몬파우더,메추리,,,,
,,트리플 팩,,,,촉촉칸닭,묻고 더블로 가,,카와(껍질),,,,,,,가래떡,,쓰딴,,,,,프렌치샌디치,,,허니바질빵,컵술,오아시스,,룽고,민트초코,아마드 허브,,달콤마요추가,떡산적,,,,
,,궈보러우,,,,핫쇼킹,브라더박스,,숄더랙,,,,,,,두부김치,,마라향솥,,,,,잉글리쉬콤보,,,공주밤빵,해즈람,사하라,,동과오레,흑임자,유차자,,라우천추,양념껫잎,,,,
,,부각,,,,뼈 두마리,다이나믹고구마,,껍데기,,,,,,,청국장,,중경,,,,,에그홀릭,,,아마씨,샹그리아,피지워터,,봄에피는 꽃,쿠앤크,tea,,참깨마요,꼴뚜기젓,,,,
,,꿔보우러우,,,,붐바스틱,브로 스페셜콤비,,깐 양,,,,,,,오삼,,스딴,,,,,MERCY조식클럽,,,찰쁘띠,사케,달달 조리퐁,,케멕스 드립,피칸파이,스위트 마테,,스위트콘,자축찬,,,,
,,러우똰,,,,맛쇼킹,페퍼불나,,프랑크,,,,,,,야순이,,향라룽샤몸통,,,,,경양정식,,,시나몬휠,한라토닉,요거,,썸머 딜라이트,화이트말차,페파민트,,깨소금,견과류가이리,,,,
,,류쐉똰,,,,델리콤보,리얼수제고구마,,오향장육냉채,,,,,,,우곱새,,마라썅궈,,,,,까나페,,,모닝에그,심술,초코베리유,,플렛화이트,흑당,코코,,화죠유,다미사튀각,,,,
,,튀긴,,,,순살부어,핵폭로니 ,,돈맥적,,,,,,,녹두전,,짜짬군,,,,,빈체로 페스카토레,,,봄스츄리,기네스,딸유,,아보카토,크래미 크라상,디저트 아일랜드,,천추,창란젓,,,,
,,갓스동,,,,부어,놈놈놈,,뿅가반반,,,,,,,낙우새,,짬볶군,,,,,알마이스,,,피타빵,데낄라썬라이즈,코코아,,레모니카노,누텔라,페퍼민즈,,스모크딥핑,할라피뇨,,,,
,,도나스,,,,굽네,빠네플라워,,아이달콤닭,,,,,,,쭈구미,,짜볶군,,,,,빠따떼,,,살구 크라운,베일리스밀크,무알콜샴페인,,코케허니,레드벨벳,꽃 차,,스리라차마요딥핑,석박지,,,,
,,노릇고구마,,,,치트킹,달달하구마 ,,아빠매콤닭,,,,,,,바람떡,,짜짬볶,,,,,볼로네제,,,허닭 까르보,깔루아밀크,하늘보리,,바램 블랜딩,티그레,마리아쥬프레르,,소금장,새콤무,,,,
,,달달호박,,,,화이어윙,콘홀딱,,육사스페셜,,,,,,,꿀떡,,짬볶탕,,,,,엔초비,,,구워낸번,말리부오렌지,빙탕쇠리,,부룬디,파운드,오미자청,,,파저리,,,,
,,커틀렛,,,,투마리,페페홀딱,,로스,,,,,,,호박설기,,짜볶탕,,,,,씨푸드 크림,,,즉시 오븐에서 구워낸 크로,예거밤,마빙,,미얀마,쌀케이크,잉글리쉬 브랙퍼스트,,,무꼬도리,,,,
,,즈붤,,,,멕시윙,감자홀딱,,옻닭,,,,,,,백설기,,어향동고,,,,,펜네 고르곤졸라 더블크림,,,찰깨빵,미도리샤워,끙아,,우간다,페스츄리,텐저린 진저,,,맥반석달걀,,,,
,,피쉬앤칩스,,,,모래집,파인홀딱,,육적,,,,,,,콩설기,,샥스핀,,,,,통새우 고르곤졸라크림,,,에그크래미,스크류드라이버,삥탕쉐리,,온두라스,에그타르트,하비스커스,,,삶은달걀,,,,
,,양념갑자칩,,,,한마리,버섯홀딱,,두리치기,,,,,,,쑥버무리,,공보계정,,,,,통새우 로제크림,,,크로스트,럼콕,빙탕쉐리,,엘살바도르,크레이프,홍초,,,삶은계란,,,,
,,궈바로우,,,,청양한양념마요,매콤홀딱,,what's up,,,,,,,쑥개떡,,마라샤오룽샤,,,,,닭가슴살 블랙페퍼크림,,,에그가득모닝,색스온더비치,피크닉,,시다모,몽블랑의 정석,핑크로즈,,,해초,,,,
,,통큰 힙찡어,,,,근위,못난이 미트,,오골계,,,,,,,모시송편,,베이징식 훈제 요리,,,,,빈체로 씨푸드,,,통밀브레드,데킬라스트라이프,홍삼,,안티구아,바통쉬크레,수제한방차,,,명이,,,,
,,배추전,,,,와락간장,못난이 베이컨칩스,,막.대.염,,,,,,,맵시루떡,,궈바로우,,,,,통새우 피칸테,,,만월빵,서울의밤,식헤,,따라주,슈스틱,ICE,,,견과류,,,,
,,고추전,,,,후라,못난이 고구마,,곱.대.막,,,,,,,차도리탕,,쯔란신관,,,,,비스마르크,,,,블루하와이,요거드링크,,탄자니아,비스킷,사피톡스,,,포장무,,,,
,,야채새우전,,,,1마리,뉴욕 페파피뇨,,홍소육,,,,,,,옹심이,,향라유슬,,,,,페스카토레,,,,준벅,ADE,,르완다,잉어빵,잉글리시블랙퍼스트,,,오아소박이,,,,
,,쑤빙,,,,황올,오굿박스,,혼족,,,,,,,동그랑땡,,쑤빙,,,,,마레크레마,,,,코스모폴리탄,시크혜,,하우스블랜딩,허니버터브레드,트로피카나 샤워,,,재래전장,,,,
,,다미사튀각,,,,크리스피,반미터,,미스터꿉닭,,,,,,,깐 양,,웨딩 샤오마이,,,,,바질리코,,,,보드카토닉,고거구마,,골드브렌드3,웬떡이야,달콤한 화성,,,수란,,,,
,,게맛살전,,,,자메이카,몬스터콤네이션,,미스터400,,,,,,,낙.우.새,,훈둔,,,,,치킨로제,,,,RI얼 감귤주,건강UP,,카프치노,팥빙수,은은한 노을,,,꿀땅콩,,,,
,,네네츄,,,,메이플버터갈릭,몬스터 이탈리안,,우찬러우,,,,,,,수재비,,중국식 미니전,,,,,,,,,럼토닉,에너지UP,,에디오피아,카스텔라,소프트 코튼,,,옛날소세시전,,,,
,,바삭 오.감.치,,,,블랙투움바,투탑 박스,,도가니,,,,,,,부꾸미,,샤오룽바오,,,,,,,,,진토닉,힐링UP,,Specialty Blend,크림바바,나른한 하루,,,우무,,,,
,,꿔보우뤄우,,,,블랙알리오,무스깡,,심관,,,,,,,오소리,,모쉐왕,,,,,,,,,데킬라콕,상큼UP,,Decaf Bean,까까웨뜨,꽃차,,,토하젓,,,,
,,도나쓰,,,,블랙마요,콰트로 프린스,,닭요리,,,,,,,오향장육냉채,,미니전,,,,,,,,,롱아일랜드아이스티,abc,,아메리카,크루아상,민트크루,,,너비아니,,,,
,,허쉬브라운,,,,파불로에 반한다,허니 콰트로 치즈,,소채깝,,,,,,,녹두빈대떡,,중국미니전,,,,,,,,,피치크러쉬,자바칩 블렌디드,,이디야비니스트올인원,크로넛,퍼스트브레이크,,,닭그랑땡,,,,
,,킹불소고,,,,블랙알리오에반한다,고구마 슈프림,,소양깃머리,,,,,,,돈맥적,,마라빤,,,,,,,,,데낄라스트라이프,딸기어때,,왕~메리카노,앙 쑥 크럼블,허니대추,,,기본스끼,,,,
,,킹콘소고,,,,블랙악마,페파로니 듬뿍,,돼지심장,,,,,,,쭈삼새,,마라룽샤워이,,,,,,,,,오제끼스모,라무네,,TOP더블랙,프레첼,레이디스드림,,,새콤달콤 무,,,,
,,용가리,,,,푸라닭에 반한다,치즈불고기,,양심줄,,,,,,,낙소새,,홍유두스,,,,,,,,,도쿠리사케,뉴트로훼미리,,COLDBREW,마이구미,잉글리쉬 브렉퍼스트,,,할매청양무,,,,
,,꼬불이어튀,,,,날다닭,치킨바베큐골드,,양상겹,,,,,,,쭈삼,,꿔보우뤄우,,,,,,,,,마루,암바사,,,호두,라벤더민트,,,육원전,,,,
,,집게맛살,,,,혼닭,페스츄리바이트,,스모크드브랏,,,,,,,만둣국,,샤오롱바오,,,,,,,,,노주탄,프레치노,,,크래커,파인애플청,,,마카로니사라다,,,,
,,비지전,,,,바삭칸반반,핫치킨 골드,,원너부어스트,,,,,,,낙소,,량필,,,,,,,,,인디카IPA,깔라만시,,,꼬끄,키위청,,,오복채,,,,
,,츄로덕,,,,스모크,불갈비골드,,족뱅이,,,,,,,약과,,라즈지,,,,,,,,,대잎소리,코카,,,크로아상,쌍화청,,,무생체,,,,
,,츄라이,,,,달콤한핀,골드,,백립,,,,,,,두리치기,,짜군,,,,,,,,,스모,삥탕쒜리,,,크러플,석류청,,,토란대,,,,
,,초염향라기,,,,한마리 반,치즈포테이토,,오향장육,,,,,,,절편,,짬군,,,,,,,,,쥰마이다이긴죠,스무벨라,,,허니브레이드,라임청,,,우리 아이가 좋아해요,,,,
,,보뤄구라오러우,,,,THE 크리스피,치즈쉬림프,,와규,,,,,,,송편,,볶군,,,,,,,,,오카네,빙탕세리,,,까이딴자이,애플망고청,,,바삭바삭 Day~,,,,
,,무텃남쁠라,,,,코리아 한마리반반,치즈단호박,,오향스페셜,,,,,,,설기,,경장육사,,,,,,,,,간바레 오또상,헛개차,,,란퐁유엔,감귤청,,,꼬들빼기,,,,
,,톰 땀 붓 코코넛쉬림프,,,,한마리 후라이 이즈,치즈크러스트,,일반족,,,,,,,샌드떡,,초염향라기,,,,,,,,,코르비이르 떼르 드 방 드라이,빙탕쉘리,,,프렌치토스트,아로니아청 ,,,메추리,,,,
,,꽈베기,,,,한마리 반반반,치즈도이치,,매운족,,,,,,,방울증편,,쑈좌빙,,,,,,,,,레드 서브미션,딜리워터,,,머쉬브레드,실론블랙퍼스트,,,3찬,,,,
,,카라아게,,,,바삭칸,치즈데리야끼,,차숙이,,,,,,,무지개,,궁보계정,,,,,,,,,레드 C.E.O 소비뇽,봉봉,,,크림볼,시그니처,,,깨순이,,,,
,,모둠볼,,,,내맘대로 2마리,모아드림박스,,소꼬리,,,,,,,시루떡,,위샹러우쓰,,,,,,,,,카로솔 세미 스위트,핫식스,,,페레로왕슈,프루티 하동,,,맛 무,,,,
,,고구마볼,,,,누룽 매콤양념,치즈매운맛치킨,,닭 추가,,,,,,,구름떡,,다루몐,,,,,,,,,연태,요프치노,,,떡,영그레이,,,무꼬들이,,,,
,,BBQ보듬볼,,,,누룽 달콤양념,트리콜로레,,강뼈탕,,,,,,,찰떡,,보뤄구라오러우,,,,,,,,,마쯔리텐구,모구모구,,,디저트,퍼스트 브레이크,,,깻순,,,,
,,가라아케,,,,열라맵,이탈리안콤보,,흑돈,,,,,,,막.대.염,,탕정식,,,,,,,,,오케바리,뉴 레드 클렌즈,,,따무르,커즈마인,,,건고구마순,,,,
,,탕슉,,,,쌀닭,달콤 고구마,,닭개면,,,,,,,곱.대.막,,돈정식,,,,,,,,,하나기자쿠라,뉴 그린 클렌즈,,,아포카토,오렌지 보스,,,무초절임,,,,
,,네네땅,,,,푸라닭,랍스타 스테이크,,"막,곱,대",,,,,,,수세비,,쟁짜,,,,,,,,,피치트리,자유레여신상,,,견과바,빅토리아 실론,,,런천미트,,,,
,,튀일,,,,파불로,블랙청양페퍼로니,,"막,대,염",,,,,,,곱쭈삼,,라죠육,,,,,,,,,바카디모히토,새싹 오래오레,,,러스크,블루밍 루즈,,,고구마 맛탕,,,,
,,반쎼오,,,,매콤맛나,베이컨 포테이토,,"막,곱,염",,,,,,,증편,,삭스핀,,,,,,,,,쿠보다센쥬,초코콕콕오래오레,,,뽀또,스위트마테,,,창젓,,,,
,,크로켓,,,,달콤맛나,슈퍼치즈,,치마살,,,,,,,쑥모찌,,유슬자장,,,,,,,,,닷사이 45,민초덕후칩,,,엄마는외계인,스위트후르츠,,,짱아치,,,,
,,French Fries,,,,맛있는 봉,허니 크런치 스테이크,,안심,,,,,,,경단,,유니자장,,,,,,,,,제갈량,HERSHEY'S,,,꾼고구마,하이포션,,,땡초전,,,,
,,생선가스,,,,맛있는 윙,바질레드페퍼로니,,갈릭족,,,,,,,완두배기,,사천자장,,,,,,,,,조아하주,빽스치노,,,소금바닐라,루이보이스,,,사각무,,,,
,,오튀봉,,,,데리갈릭,불고기 BBQ,,오향장우육,,,,,,,단호박떡,,간자장,,,,,,,,,이과도주,완전수박,,,가나슈,태양의 식후비법W차,,,,,,,
,,튀겨먹는,,,,더맵 로스트,와규눈꽃스테이크,,육감만족보,,,,,,,매생이전,,마랴샹궈,,,,,,,,,후레시,완전홍시,,,모찌리도후,제호차,,,,,,,
,,튀떡,,,,로스트,클래식반반,,야들야들 담백한 맛족,,,,,,,오색정과,,마라곷게,,,,,,,,,센 300,완전망고,,,젤라또컵,크림슨 펀치,,,,,,,
,,꿔이,,,,ONLY 닭,고구마 골드,,쫄삼,,,,,,,한정식,,쇼룽샤꼬리,,,,,,,,,TERRA,몬스터에너지,,,떠먹는 아이스박스,고흥 유자,,,,,,,
,,비갈튀,,,,양념 히어로,고스트 페파로니,,족보반반,,,,,,,족뱅이,,마라향꿔,,,,,,,,,CASS,바닐라코코팝,,,카이막,잉글리시브렉퍼스트,,,,,,,
,,쫀득볼,,,,트리플 팩,라지3탑박스,,본스퐁립,,,,,,,쭈불특선,,탕볶짜,,,,,,,,,매너스메이킷맨,갤럭시치노,,,그래놀라,메리골드,,,,,,,
,,오감볼,,,,허니소이,half,,오소리,,,,,,,빈대떡,,탕볶짬,,,,,,,,,하쿠쯔루 쿠츠로기노 아마구치,브라운쿨리스트,,,메이플 아츄,비니거,,,,,,,
,,좌종당계,,,,치블링,스위트갈릭,,소짜그리,,,,,,,오향장육,,팔보재,,,,,,,,,공부가주,부아로이,,,스크류 츄로독,,,,,,,,
,,요우탸요,,,,콘소메이징,지킬앤하이드,,닭산적,,,,,,,알뜰삼합,,궁바오지딩,,,,,,,,,하노이,리치 캔,,,떡볶츄,,,,,,,,
,,커틀릿,,,,최고땅땅,얌 고구마,,매운닭살,,,,,,,쭈불,,찡쨩러우쓰,,,,,,,,,파울러너,봉봉치노,,,바삭 후레이크,,,,,,,,
,,꿔보육,,,,신기충만,콰트로 포르마주,,오무알,,,,,,,오향스페셜,,쯔란혈관,,,,,,,,,짐빔,빙탕설리,,,톡톡 슈팅스타,,,,,,,,
,,류육단,,,,충만메뉴,바질 페스토,,무마알,,,,,,,생간,,향라러우쓰,,,,,,,,,(어메이징 브루어리) 첫사랑,팥퐁당,,,빨미까레,,,,,,,,
,,,,,,틀플슈프림반슈프림골드반,야채 L,,오마알,,,,,,,강뼈탕,,탕슉,,,,,,,,,"paxis, bulldog",달구나 퐁당,,,크로칸슈,,,,,,,,
,,,,,,반반메뉴,리치골드 L,,보족,,,,,,,홍삼합,,푸주,,,,,,,,,톨텐카베네소비뇽,인절미 퐁당,,,고구마 말랭이,,,,,,,,
,,,,,,가마치,고구마 L,,건 듀이 버,,,,,,,천엽,,송화단,,,,,,,,,호세쿠엘보에,아이시스,,,바닐라 웨이퍼스,,,,,,,,
,,,,,,조각닭,불타는 하루,,가브리살,,,,,,,선지,,쏸라펀,,,,,,,,,버니니,미숫가,,,미니코코 크런치,,,,,,,,
,,,,,,신포 반반,스페샬포테이토,,너비아니,,,,,,,숭늉,,코렁맨,,,,,,,,,린테만즈 페슈레제,클피스,,,로아커,,,,,,,,
,,,,,,슈프림 MENU,스페샬베이컨,,통장각,,,,,,,신의주정식,,쇼좌방,,,,,,,,,칼리가리 브루잉 사부작,메리뉴욕,,,까눌레,,,,,,,,
,,,,,,북채양념,스페샬고구마,,쇼룽샤꼬리,,,,,,,도토리전,,마라룽샤웨이,,,,,,,,,간바레 오토상,메리 메론,,,크럼블,,,,,,,,
,,,,,,콤보양념,더블치즈크러스트,,닭알말이,,,,,,,칼제비,,궁보지딩,,,,,,,,,나마죠조,딸복이,,,블론디,,,,,,,,
,,,,,,콘닭,달인박스,,탕추업진,,,,,,,불곱새,,징징육슬,,,,,,,,,카로솔 레드,오란씨,,,베이비 슈,,,,,,,,
,,,,,,땡큐땡초,프랑크필레,,보신탕,,,,,,,단호박전,,외샹육슬,,,,,,,,,모스케토 화이트,요구르탱,,,크로캉롱슈,,,,,,,,
,,,,,,슈푸림,고구마 스위트,,업진탕,,,,,,,산적꼬지,,수이주뤄우팬,,,,,,,,,무레다 유기농 달콤한 유혹,클렌즈 레드,,,콘프로스트,,,,,,,,
,,,,,,짭짤허니,1988,,궁바오지딩,,,,,,,진천정식,,이궈추,,,,,,,,,죽엽주,클렌즈 블루,,,바게뜨 러스크,,,,,,,,
,,,,,,맵부심 양념 콤보,몽뻬르,,학센,,,,,,,옻닭,,깐꿔소양,,,,,,,,,부르독펑크,클렌즈 옐로우,,,팥빙고,,,,,,,,
,,,,,,치뱅이,히트박스,,특별한판,,,,,,,한방재료,,라차오하이링구,,,,,,,,,브루독펑크,클렌즈퍼플,,,MACAROON,,,,,,,,
,,,,,,매코미골드,페페불나,,모둠한판,,,,,,,삼합,,마라샤오롱샤,,,,,,,,,구스아일랜드,핑크퐁 아기상어,,,뉴바푸,,,,,,,,
,,,,,,뼈있는,브로 스페셜 콤비,,쏘세지,,,,,,,술떡,,마라세우,,,,,,,,,빅웨이브 ,아이스쵸코,,,퀸즈캐롯,,,,,,,,
,,,,,,닭봉,리얼 수제고구마,,갈릭박스,,,,,,,영양떡,,탕짬짜,,,,,,,,,올드라스푸틴,핫쵸코,,,그뤼에르치즈무스,,,,,,,,
,,,,,,빠사칸,프리미엄 반반,,돈수백,,,,,,,인절미,,어향표고,,,,,,,,,인삼주,코코리치,,,아몬드 튀일,,,,,,,,
,,,,,,레게노허니순살편,플로리다랑군,,닭집애,,,,,,,왕새알,,강한 시그니처 콤보,,,,,,,,,월계관,이프로,,,고구마바,,,,,,,,
,,,,,,레게노레드순살편,골드리치고구마,,로우진,,,,,,,찰시루,,사짜밥,,,,,,,,,센,쌕쌕,,,현미누릉지칩,,,,,,,,
,,,,,,레게노허니콤보편,달콤한나의고구마,,우신,,,,,,,망개떡,,유투툐우,,,,,,,,,밀러,헛개수,,,우리쌀 베리무스,,,,,,,,
,,,,,,레게노레드콤보편,할라마요,,소힘줄,,,,,,,거피완두찰편,,마라따쌰,,,,,,,,,코젤,타로 JMT,,,블랙벨벳,,,,,,,,
,,,,,,뼈 양념,바삭한허니비,,가빠족,,,,,,,방울떡,,훙쏘우러우,,,,,,,,,창(Chang),즙스,,,해씨볼,,,,,,,,
,,,,,,멕시콤보,매싹달싹 반반하니,,염지생닭,,,,,,,무지개떡,,지삼전,,,,,,,,,레오(Leo),썸머치노,,,죠리퐁,,,,,,,,
,,,,,,블랙페퍼,쏘킹,,족보,,,,,,,제수편,,꾸러우썅렌,,,,,,,,,싱하(Shingha),새콤달콤 키바,,,힘내슈,,,,,,,,
,,,,,,골든부어,마르게리따,,육사낙,,,,,,,찹쌀유과,,찌류촬,,,,,,,,,쇼치쿠바이텐,찡댄나이차,,,케잌,,,,,,,,
,,,,,,크리스피콤보,불라피뇨,,반판 500g,,,,,,,떡순이,,카이워이,,,,,,,,,리프만 프루트제,차파이,,,체리마루 홈,,,,,,,,
,,,,,,슈프림양념,하프&하프,,한판 1000g,,,,,,,단호박버무리,,량피,,,,,,,,,까르멘 까베르네 소비뇽,민트치노,,,투게더딸기밀크,,,,,,,,
,,,,,,당치땡 매콤 오도닭,까망베르고구마,,난코츠,,,,,,,찹쌀떡,,삥쌰,,,,,,,,,크라우드,민초덕후집,,,와일드바디,,,,,,,,
,,,,,,마약 순한양념,체다단호박,,풍미족,,,,,,,곰제비,,좌종당계,,,,,,,,,슬로우IPA,서핑쿨,,,옥동자바,,,,,,,,
,,,,,,마약 매운양념,내맘대로 반반플랜,,불삼,,,,,,,불제비,,써우좌빙,,,,,,,,,모카스타우트,코코망고,,,메가톤바,,,,,,,,
,,,,,,마약 마늘간장,골드갈릭,,토시살,,,,,,,곱곰,,요우탸요,,,,,,,,,젠틀맨라거,인절미 크런치,,,별난바,,,,,,,,
,,,,,,구어스,폭탄불고기,,지레,,,,,,,정담음,,유사늘,,,,,,,,,아이셔에 이슬,모카 초코,,,녹차마루바,,,,,,,,
,,,,,,일떡삼닭,볼케이노핫치킨,,양깃머리,,,,,,,오둔도순,,마라쇼룽쌰,,,,,,,,,스폰서,통통단팥 레드빈,,,조크바,,,,,,,,
,,,,,,매콤도른닭,핫바베큐삼겹,,떡심,,,,,,,갯가재장,,향라육설,,,,,,,,,칭또우,베리베리 블루베리,,,수박바,,,,,,,,
,,,,,,(뼈)치새떡,멕시멈포테이토,,덜미살,,,,,,,압구정떡미니,,원기삼림,,,,,,,,,연경,자몽라임,,,죠스바,,,,,,,,
,,,,,,대새핫블랙,리치고구마,,폰즈야끼,,,,,,,칼만이,,왕로지,,,,,,,,,고려재,딥디크 초코,,,쌍쌍바,,,,,,,,
,,,,,,대새레드,체다폭탄 포테이토,,쇼가야끼,,,,,,,수만이,,대백리,,,,,,,,,백하,비타민 오렌지,,,셀렉션쵸코,,,,,,,,
,,,,,,핫 슈프림,볼라피뇨,,두뽁,,,,,,,지짐이,,궈보우러우,,,,,,,,,카오틱더블,비타민 레드자몽,,,셀렉션,,,,,,,,
,,,,,,핫로스트봉,라지반반,,불고,,,,,,,만듀,,꿔보육,,,,,,,,,아만다필스너,트래비,,,캔디바,,,,,,,,
,,,,,,촉촉칸 닭,바질플렉스,,꽃살,,,,,,,낙차새,,마라따쌰,,,,,,,,,시메이,딸기 바나,,,팽이팽이,,,,,,,,
,,,,,,본스크리스피,핫치킨쉬림프,,마왕스페셜,,,,,,,백서,,류육단,,,,,,,,,타이거,블루 바나,,,녹차마루 홈,,,,,,,,
,,,,,,맛깔난 어니언,자기한입나한입,,소고치,,,,,,,칼만둣국,,마라쇼룡샤,,,,,,,,,써머스비,망고 바나,,,체리마루바,,,,,,,,
,,,,,,78콤보,반반프리미엄,,목향육,,,,,,,땡초전,,수죽육편,,,,,,,,,슬래머,탐앤치노,,,아맛나,,,,,,,,
,,,,,,투펀치반반반,허니고르곤,,구구족,,,,,,,낙.새.닭,,빙탕숴리,,,,,,,,,템트,브룩쉴즈 ,,,보석바,,,,,,,,
,,,,,,반반(뼈),스위트골드,,,,,,,,,한과,,목향육,,,,,,,,,블루문,워킹걸,,,호두마루바,,,,,,,,
,,,,,,홍초/소금구이반,바이트골드,,,,,,,,,,,천백육,,,,,,,,,린데만스,그라니따,,,투게더,,,,,,,,
,,,,,,청초/홍초반,갈릭포ㅔ이토,,,,,,,,,,,이과추,,,,,,,,,메로나에이슬,민트 크루,,,가나 아이스바,,,,,,,,
,,,,,,일치삼닭,프리미엄 BOX,,,,,,,,,,,꽃방(화권),,,,,,,,,대잎술,드롭치노,,,슈퍼콘,,,,,,,,
,,,,,,매콤찹스,패밀리 BOX,,,,,,,,,,,,,,,,,,,,영탁,에비앙,,,인투더피치바,,,,,,,,
,,,,,,후왕,타코에무쵸,,,,,,,,,,,,,,,,,,,,오디랑,코크,,,엔쵸민트,,,,,,,,
,,,,,,반반메뉴M컵,핫새!불새!,,,,,,,,,,,,,,,,,,,,화랑주,요리퐁죠리퐁,,,빵빠레,,,,,,,,
,,,,,,반반메뉴L컵,안심스칼라,,,,,,,,,,,,,,,,,,,,대나무통 술,까늉,,,월드콘,,,,,,,,
,,,,,,1인분 ONLY 닭,바삭링,,,,,,,,,,,,,,,,,,,,월매,고구마/오곡,,,누가바,,,,,,,,
,,,,,,소이갈릭,서오릉 시그니쳐,,,,,,,,,,,,,,,,,,,,느린마을 늘봄,헛개열매농축엑기스,,,메로나,,,,,,,,
,,,,,,엔조이 봉,올포유 박스,,,,,,,,,,,,,,,,,,,,동동주,미운틴듀,,,비비빅,,,,,,,,
,,,,,,내맘대로 두마리,라지,,,,,,,,,,,,,,,,,,,,찡따오,마나나,,,본젤라또 딸기초코바,,,,,,,,
,,,,,,켄터키,고구마슈프림,,,,,,,,,,,,,,,,,,,,삼미구엘,마몬드,,,순수밀크,,,,,,,,
,,,,,,깐부 바삭한 식스팩,하트박스,,,,,,,,,,,,,,,,,,,,하쿠시카쥰마이,이디야키즈,,,빠삐코,,,,,,,,
,,,,,,순수봉봉,뉴클이퍼,,,,,,,,,,,,,,,,,,,,나마조죠,자바칩루비치노,,,탱크보이,,,,,,,,
,,,,,,고마봉봉,스나이퍼,,,,,,,,,,,,,,,,,,,,노주단,드링크,,,거북알,,,,,,,,
,,,,,,허니봉봉,포새이돈,,,,,,,,,,,,,,,,,,,,쇼쿠치바이텐,딸바,,,더위사냥,,,,,,,,
,,,,,,간장봉봉,리얼 랍스타볼,,,,,,,,,,,,,,,,,,,,라바스께이라 레제르바 다 파밀리,키바,,,인절미 비비빅,,,,,,,,
,,,,,,고추봉봉,폴드포크,,,,,,,,,,,,,,,,,,,,바이젠,프로스트,,,누크바,,,,,,,,
,,,,,,마늘봉봉,레드불고기,,,,,,,,,,,,,,,,,,,,GPA,블라스트,,,스크류바,,,,,,,,
,,,,,,두마리메뉴,에그머니나,,,,,,,,,,,,,,,,,,,,필라이트,블랜디드,,,본젤라또 녹차초코바,,,,,,,,
,,,,,,소이크런치,의좋은4형제,,,,,,,,,,,,,,,,,,,,IPA,THE LITER,,,흑임자 비비빅,,,,,,,,
,,,,,,맥시콤보,슈퍼 스페셜,,,,,,,,,,,,,,,,,,,,이제우린,리터치노,,,브라보콘,,,,,,,,
,,,,,,매콤하니,랜드박스,,,,,,,,,,,,,,,,,,,,린21,코코 라임팜,,,엔쵸,,,,,,,,
,,,,,,할매야눈왔닭,랜드콰트로,,,,,,,,,,,,,,,,,,,,부안참뽕(오다주),참멜론,,,거북이,,,,,,,,
,,,,,,할매3종마요,더블반반,,,,,,,,,,,,,,,,,,,,모이또,리터햇쌀,,,국화빵,,,,,,,,
,,,,,,매콤달콤크리스피,오리지널반반,,,,,,,,,,,,,,,,,,,,대관컵,빙탕쉬리,,,구구콘,,,,,,,,
,,,,,,핫불훈제,스페셜반반,,,,,,,,,,,,,,,,,,,,로주탄,자색 고구마,,,호두마루 홈,,,,,,,,
,,,,,,베이크,꿀고구마,,,,,,,,,,,,,,,,,,,,문등학,레드트로피컬,,,가나 파르페,,,,,,,,
,,,,,,요거닭,크레이지불새,,,,,,,,,,,,,,,,,,,,OB라거,그레인 ,,,쿠엔크홈,,,,,,,,
,,,,,,꼴까닭_로스트,몽빼르,,,,,,,,,,,,,,,,,,,,감바레오또상,쉐이키,,,빵또아,,,,,,,,
,,,,,,핫_로스트,더블스위트,,,,,,,,,,,,,,,,,,,,켄달잭슨White,제로 코카,,,붕어싸만코,,,,,,,,
,,,,,,뼈반반반,육해공골드,,,,,,,,,,,,,,,,,,,,도멘당데종Red,수소수,,,찰떡아이스,,,,,,,,
,,,,,,바삭크리스피,마게리따,,,,,,,,,,,,,,,,,,,,마운트릴리White,원기삼림,,,위즐 칙촉,,,,,,,,
,,,,,,싹쓰리,까프리쵸사,,,,,,,,,,,,,,,,,,,,룰루바가텔Red,왕로지,,,구구크러스터홈,,,,,,,,
,,,,,,몽닭,풍기,,,,,,,,,,,,,,,,,,,,쁠랑쉬드White,대백리,,,위즐커피,,,,,,,,
,,,,,,후~~~~닭,디아볼라,,,,,,,,,,,,,,,,,,,,아파시멘토Red,미숫페너,,,빙빙바,,,,,,,,
,,,,,,레드마요,마르게리타,,,,,,,,,,,,,,,,,,,,뗴르드미스트랄Red,빙탕숴리,,,위즐바닐라,,,,,,,,
,,,,,,안심 양념,아란치니,,,,,,,,,,,,,,,,,,,,비냐스델베로White,오곡드링크,,,구구박스,,,,,,,,
,,,,,,안심 반반,치폴라,,,,,,,,,,,,,,,,,,,,비냐스델베로Red,,,,설레임커피,,,,,,,,
,,,,,,팍뿌리까,콰트로 포르마지,,,,,,,,,,,,,,,,,,,,캄포드블랑크White,,,,쿠앤크 파르페,,,,,,,,
,,,,,,블랙라벨,원플러스원,,,,,,,,,,,,,,,,,,,,캄포드오우리끄틴토Red,,,,조리퐁,,,,,,,,
,,,,,,콤보 청양마요,와규 크럼블,,,,,,,,,,,,,,,,,,,,산타헬레나White,,,,페레로로쉐,,,,,,,,
,,,,,,콤보 레드퀸,유로코 베스트,,,,,,,,,,,,,,,,,,,,산타헬레나Red,,,,고구마아몬드,,,,,,,,
,,,,,,뼈 치새떡,불타는하루,,,,,,,,,,,,,,,,,,,,잭다니엘,,,,카야잼,,,,,,,,
,,,,,,골통삼총사,핫새불새,,,,,,,,,,,,,,,,,,,,데낄라,,,,메리,,,,,,,,
,,,,,,매콤(하게)쫄(였)닭,프리미엄R,,,,,,,,,,,,,,,,,,,,예거마이스터,,,,커스타드,,,,,,,,
,,,,,,내 맘대로 2마리,오리지널L,,,,,,,,,,,,,,,,,,,,코로나 엑스트라 병,,,,꿀단지,,,,,,,,
,,,,,,79깡정,화이트플람,,,,,,,,,,,,,,,,,,,,장수막거리,,,,베이비슈,,,,,,,,
,,,,,,골라먹는 양념닭,와이키키 바베큐,,,,,,,,,,,,,,,,,,,,클라우스탈러,,,,국진이빵,,,,,,,,
,,,,,,메달구,고구마(Sweet Potato),,,,,,,,,,,,,,,,,,,,까베르네소비뇽,,,,양갱,,,,,,,,
,,,,,,뚠닭,베지테리언,,,,,,,,,,,,,,,,,,,,간빠레 오또상,,,,만쥬,,,,,,,,
,,,,,,뼈두마리,나혼사산다 ,,,,,,,,,,,,,,,,,,,,히카리마사무네,,,,몽블랑,,,,,,,,
,,,,,,치즐치즐,원하는대로반반,,,,,,,,,,,,,,,,,,,,유메노파이토,,,,누네띠네,,,,,,,,
,,,,,,마약커리,한판은 아쉽다 푸짐하게~,,,,,,,,,,,,,,,,,,,,칸빠레오토상,,,,코코넛칩,,,,,,,,
,,,,,,마약치즈,반반_M_,,,,,,,,,,,,,,,,,,,,오니900,,,,닥터넛츠,,,,,,,,
,,,,,,마약갈비양념,반반_L_,,,,,,,,,,,,,,,,,,,,상그리아,,,,건빵,,,,,,,,
,,,,,,마약매운양념,반반_XL_,,,,,,,,,,,,,,,,,,,,,,,,쑥화이트마카다미아,,,,,,,,
,,,,,,마약체다치즈양념,라오니박스,,,,,,,,,,,,,,,,,,,,,,,,흑절미,,,,,,,,
,,,,,,마약슈프림,골드두판,,,,,,,,,,,,,,,,,,,,,,,,꿀밤,,,,,,,,
,,,,,,마약마늘간장,베.페.로.니,,,,,,,,,,,,,,,,,,,,,,,,투게더바닐라,,,,,,,,
,,,,,,마약양념,소베페,,,,,,,,,,,,,,,,,,,,,,,,쫀떡절미,,,,,,,,
,,,,,,가마꿉,스파이시 페페로니,,,,,,,,,,,,,,,,,,,,,,,,휘핑추가,,,,,,,,
,,,,,,소이 갈릭스,메가쉬림프,,,,,,,,,,,,,,,,,,,,,,,,허니 본델리슈,,,,,,,,
,,,,,,콤보어니언,포테이토펍스,,,,,,,,,,,,,,,,,,,,,,,,아이스캔디,,,,,,,,
,,,,,,실속양념,패스츄리바이트,,,,,,,,,,,,,,,,,,,,,,,,오색정과,,,,,,,,
,,,,,,크리스피/양념,드림박스,,,,,,,,,,,,,,,,,,,,,,,,정일품 전병,,,,,,,,
,,,,,,로젤 킹,알마이스,,,,,,,,,,,,,,,,,,,,,,,,미스베어,,,,,,,,
,,,,,,레드마요반,빠따떼,,,,,,,,,,,,,,,,,,,,,,,,미스터베어,,,,,,,,
,,,,,,청양마요반,2판,,,,,,,,,,,,,,,,,,,,,,,,옥스틱,,,,,,,,
,,,,,,소이갈릭반,고구마바이트,,,,,,,,,,,,,,,,,,,,,,,,누카바,,,,,,,,
,,,,,,보스트,타임박스,,,,,,,,,,,,,,,,,,,,,,,,갈레트브루통,,,,,,,,
,,,,,,더화이트슈프림,비스마르크,,,,,,,,,,,,,,,,,,,,,,,,타이니소어GO 공룡메카드,,,,,,,,
,,,,,,스위트칠리_로스트,수제유탕고구마,,,,,,,,,,,,,,,,,,,,,,,,대세는민초넛,,,,,,,,
,,,,,,오빠양념_로스트,반&반,,,,,,,,,,,,,,,,,,,,,,,,캔떡,,,,,,,,
,,,,,,애간장녹는닭,바이트변경,,,,,,,,,,,,,,,,,,,,,,,,미니디저트,,,,,,,,
,,,,,,갈릭_로스트,골든변경,,,,,,,,,,,,,,,,,,,,,,,,팥앙금,,,,,,,,
,,,,,,갈릭_베이크,,,,,,,,,,,,,,,,,,,,,,,,,리얼통통메론선빙,,,,,,,,
,,,,,,마늘아 마늘아_로스트,,,,,,,,,,,,,,,,,,,,,,,,,고구마칩,,,,,,,,
,,,,,,마늘아 마늘아_베이크,,,,,,,,,,,,,,,,,,,,,,,,,시나몬칩,,,,,,,,
,,,,,,블랙페퍼_로스트,,,,,,,,,,,,,,,,,,,,,,,,,화이트 청키 딜라이트,,,,,,,,
,,,,,,간즈앙_로스트,,,,,,,,,,,,,,,,,,,,,,,,,croffle,,,,,,,,
,,,,,,뼈닭,,,,,,,,,,,,,,,,,,,,,,,,,아몬드 프로랑땡,,,,,,,,
,,,,,,옛날양념,,,,,,,,,,,,,,,,,,,,,,,,,미니 코코 크런치,,,,,,,,
,,,,,,또봉이,,,,,,,,,,,,,,,,,,,,,,,,,갸또,,,,,,,,
,,,,,,마라핫,,,,,,,,,,,,,,,,,,,,,,,,,그렐놀라,,,,,,,,
,,,,,,림스,,,,,,,,,,,,,,,,,,,,,,,,,쑤빙,,,,,,,,
,,,,,,,,,,,,,,,,,,,,,,,,,,,,,,,고구마말랭이,,,,,,,,
,,,,,,,,,,,,,,,,,,,,,,,,,,,,,,,뺑오플,,,,,,,,
,,,,,,,,,,,,,,,,,,,,,,,,,,,,,,,꿀꿀바,,,,,,,,
,,,,,,,,,,,,,,,,,,,,,,,,,,,,,,,달달퐁,,,,,,,,
,,,,,,,,,,,,,,,,,,,,,,,,,,,,,,,크로캉통슈,,,,,,,,
,,,,,,,,,,,,,,,,,,,,,,,,,,,,,,,참호도 스페셜,,,,,,,,
,,,,,,,,,,,,,,,,,,,,,,,,,,,,,,,시리얼,,,,,,,,
,,,,,,,,,,,,,,,,,,,,,,,,,,,,,,,푸딩,,,,,,,,
,,,,,,,,,,,,,,,,,,,,,,,,,,,,,,,비스코티,,,,,,,,
,,,,,,,,,,,,,,,,,,,,,,,,,,,,,,,마요문어빵,,,,,,,,
,,,,,,,,,,,,,,,,,,,,,,,,,,,,,,,플레인슈,,,,,,,,
,,,,,,,,,,,,,,,,,,,,,,,,,,,,,,,크루와상,,,,,,,,
,,,,,,,,,,,,,,,,,,,,,,,,,,,,,,,크로콩,,,,,,,,
,,,,,,,,,,,,,,,,,,,,,,,,,,,,,,,페이스츄리,,,,,,,,
,,,,,,,,,,,,,,,,,,,,,,,,,,,,,,,몬스터칙촉,,,,,,,,
,,,,,,,,,,,,,,,,,,,,,,,,,,,,,,,싸만코팥앙금,,,,,,,,
,,,,,,,,,,,,,,,,,,,,,,,,,,,,,,,아몬드크런치,,,,,,,,
,,,,,,,,,,,,,,,,,,,,,,,,,,,,,,,멘하탄,,,,,,,,
,,,,,,,,,,,,,,,,,,,,,,,,,,,,,,,아띠볼,,,,,,,,
,,,,,,,,,,,,,,,,,,,,,,,,,,,,,,,쵸코첵스,,,,,,,,
,,,,,,,,,,,,,,,,,,,,,,,,,,,,,,,루토스,,,,,,,,
,,,,,,,,,,,,,,,,,,,,,,,,,,,,,,,달달팩,,,,,,,,
,,,,,,,,,,,,,,,,,,,,,,,,,,,,,,,펑리수,,,,,,,,
,,,,,,,,,,,,,,,,,,,,,,,,,,,,,,,블랙포레스트,,,,,,,,
,,,,,,,,,,,,,,,,,,,,,,,,,,,,,,,카카오,,,,,,,,
,,,,,,,,,,,,,,,,,,,,,,,,,,,,,,,비스켓슈,,,,,,,,
,,,,,,,,,,,,,,,,,,,,,,,,,,,,,,,맛있 슈,,,,,,,,
,,,,,,,,,,,,,,,,,,,,,,,,,,,,,,,당보충 실연빵,,,,,,,,
,,,,,,,,,,,,,,,,,,,,,,,,,,,,,,,크리미슈,,,,,,,,
,,,,,,,,,,,,,,,,,,,,,,,,,,,,,,,젤로미를리팝,,,,,,,,
,,,,,,,,,,,,,,,,,,,,,,,,,,,,,,,더스퀘어 비비빅,,,,,,,,
,,,,,,,,,,,,,,,,,,,,,,,,,,,,,,,도라야끼,,,,,,,,
,,,,,,,,,,,,,,,,,,,,,,,,,,,,,,,쫀득한입카롱,,,,,,,,
,,,,,,,,,,,,,,,,,,,,,,,,,,,,,,,카카오칩스,,,,,,,,
,,,,,,,,,,,,,,,,,,,,,,,,,,,,,,,다쿠마롱,,,,,,,,
,,,,,,,,,,,,,,,,,,,,,,,,,,,,,,,띠아모,,,,,,,,
,,,,,,,,,,,,,,,,,,,,,,,,,,,,,,,에그디쉬,,,,,,,,
,,,,,,,,,,,,,,,,,,,,,,,,,,,,,,,메디오,,,,,,,,
,,,,,,,,,,,,,,,,,,,,,,,,,,,,,,,도피오,,,,,,,,
,,,,,,,,,,,,,,,,,,,,,,,,,,,,,,,싱글로,,,,,,,,
,,,,,,,,,,,,,,,,,,,,,,,,,,,,,,,휘핑,,,,,,,,
,,,,,,,,,,,,,,,,,,,,,,,,,,,,,,,허니본델리슈,,,,,,,,
,,,,,,,,,,,,,,,,,,,,,,,,,,,,,,,뀐아망,,,,,,,,
,,,,,,,,,,,,,,,,,,,,,,,,,,,,,,,콩빵,,,,,,,,
,,,,,,,,,,,,,,,,,,,,,,,,,,,,,,,떡플,,,,,,,,
,,,,,,,,,,,,,,,,,,,,,,,,,,,,,,,마시멜로,,,,,,,,
,,,,,,,,,,,,,,,,,,,,,,,,,,,,,,,매일한줌견과,,,,,,,,
,,,,,,,,,,,,,,,,,,,,,,,,,,,,,,,만주,,,,,,,,
,,,,,,,,,,,,,,,,,,,,,,,,,,,,,,,쏘낭시에,,,,,,,,
,,,,,,,,,,,,,,,,,,,,,,,,,,,,,,,바치디다마,,,,,,,,
,,,,,,,,,,,,,,,,,,,,,,,,,,,,,,,팝콘,,,,,,,,
,,,,,,,,,,,,,,,,,,,,,,,,,,,,,,,아이스드림,,,,,,,,
,,,,,,,,,,,,,,,,,,,,,,,,,,,,,,,허니볼,,,,,,,,
,,,,,,,,,,,,,,,,,,,,,,,,,,,,,,,화이트 마카다미아,,,,,,,,
,,,,,,,,,,,,,,,,,,,,,,,,,,,,,,,피넛버터,,,,,,,,
,,,,,,,,,,,,,,,,,,,,,,,,,,,,,,,미니앙큼이,,,,,,,,
,,,,,,,,,,,,,,,,,,,,,,,,,,,,,,,하리보젤리,,,,,,,,
,,,,,,,,,,,,,,,,,,,,,,,,,,,,,,,사브레,,,,,,,,
,,,,,,,,,,,,,,,,,,,,,,,,,,,,,,,카사바칩,,,,,,,,
,,,,,,,,,,,,,,,,,,,,,,,,,,,,,,,메이플시나몬,,,,,,,,
,,,,,,,,,,,,,,,,,,,,,,,,,,,,,,,팔미애,,,,,,,,
,,,,,,,,,,,,,,,,,,,,,,,,,,,,,,,프로마쥬,,,,,,,,
,,,,,,,,,,,,,,,,,,,,,,,,,,,,,,,크럼블바,,,,,,,,
,,,,,,,,,,,,,,,,,,,,,,,,,,,,,,,단호박미니컵,,,,,,,,
,,,,,,,,,,,,,,,,,,,,,,,,,,,,,,,마카다미아,,,,,,,,
,,,,,,,,,,,,,,,,,,,,,,,,,,,,,,,오트밀,,,,,,,,
,,,,,,,,,,,,,,,,,,,,,,,,,,,,,,,테오브로마,,,,,,,,
,,,,,,,,,,,,,,,,,,,,,,,,,,,,,,,프랑마쥬,,,,,,,,
,,,,,,,,,,,,,,,,,,,,,,,,,,,,,,,유자오레,,,,,,,,
,,,,,,,,,,,,,,,,,,,,,,,,,,,,,,,아나니스,,,,,,,,
,,,,,,,,,,,,,,,,,,,,,,,,,,,,,,,바치케,,,,,,,,
,,,,,,,,,,,,,,,,,,,,,,,,,,,,,,,키낭시에,,,,,,,,
,,,,,,,,,,,,,,,,,,,,,,,,,,,,,,,톡톡슈팅스타,,,,,,,,
,,,,,,,,,,,,,,,,,,,,,,,,,,,,,,,데빌스 초이스,,,,,,,,
,,,,,,,,,,,,,,,,,,,,,,,,,,,,,,,쑥땅콩,,,,,,,,
,,,,,,,,,,,,,,,,,,,,,,,,,,,,,,,꿀카롱,,,,,,,,
,,,,,,,,,,,,,,,,,,,,,,,,,,,,,,,시나몬멜츠,,,,,,,,
,,,,,,,,,,,,,,,,,,,,,,,,,,,,,,,오란다,,,,,,,,
,,,,,,,,,,,,,,,,,,,,,,,,,,,,,,,깨도리,,,,,,,,
,,,,,,,,,,,,,,,,,,,,,,,,,,,,,,,설레임,,,,,,,,
,,,,,,,,,,,,,,,,,,,,,,,,,,,,,,,공공치빵,,,,,,,,
,,,,,,,,,,,,,,,,,,,,,,,,,,,,,,,상자포장,,,,,,,,
,,,,,,,,,,,,,,,,,,,,,,,,,,,,,,,햅쌀 와,,,,,,,,
,,,,,,,,,,,,,,,,,,,,,,,,,,,,,,,샤베트,,,,,,,,
,,,,,,,,,,,,,,,,,,,,,,,,,,,,,,,옥슈슈~,,,,,,,,
,,,,,,,,,,,,,,,,,,,,,,,,,,,,,,,올드패션 글레이즈드,,,,,,,,
,,,,,,,,,,,,,,,,,,,,,,,,,,,,,,,Doughnuts,,,,,,,,
,,,,,,,,,,,,,,,,,,,,,,,,,,,,,,,크라상,,,,,,,,
,,,,,,,,,,,,,,,,,,,,,,,,,,,,,,,화이트포레누아,,,,,,,,
,,,,,,,,,,,,,,,,,,,,,,,,,,,,,,,퀸아망,,,,,,,,
,,,,,,,,,,,,,,,,,,,,,,,,,,,,,,,마드렌,,,,,,,,
,,,,,,,,,,,,,,,,,,,,,,,,,,,,,,,피낭시에,,,,,,,,
,,,,,,,,,,,,,,,,,,,,,,,,,,,,,,,기리쉬,,,,,,,,
,,,,,,,,,,,,,,,,,,,,,,,,,,,,,,,후르츠킹,,,,,,,,
,,,,,,,,,,,,,,,,,,,,,,,,,,,,,,,보틀,,,,,,,,
,,,,,,,,,,,,,,,,,,,,,,,,,,,,,,,약콰라멜,,,,,,,,
,,,,,,,,,,,,,,,,,,,,,,,,,,,,,,,말있슈,,,,,,,,
,,,,,,,,,,,,,,,,,,,,,,,,,,,,,,,뺴빼로,,,,,,,,
,,,,,,,,,,,,,,,,,,,,,,,,,,,,,,,콘소메,,,,,,,,
,,,,,,,,,,,,,,,,,,,,,,,,,,,,,,,깨보로,,,,,,,,
,,,,,,,,,,,,,,,,,,,,,,,,,,,,,,,후르츠믹서,,,,,,,,
,,,,,,,,,,,,,,,,,,,,,,,,,,,,,,,봄카롱,,,,,,,,
,,,,,,,,,,,,,,,,,,,,,,,,,,,,,,,올때메로나,,,,,,,,
,,,,,,,,,,,,,,,,,,,,,,,,,,,,,,,8구 상자,,,,,,,,
,,,,,,,,,,,,,,,,,,,,,,,,,,,,,,,4구 상자,,,,,,,,
,,,,,,,,,,,,,,,,,,,,,,,,,,,,,,,땅콩,,,,,,,,
,,,,,,,,,,,,,,,,,,,,,,,,,,,,,,,프레도,,,,,,,,
,,,,,,,,,,,,,,,,,,,,,,,,,,,,,,,6구상자,,,,,,,,
,,,,,,,,,,,,,,,,,,,,,,,,,,,,,,,에클레어,,,,,,,,
,,,,,,,,,,,,,,,,,,,,,,,,,,,,,,,하루견과,,,,,,,,
,,,,,,,,,,,,,,,,,,,,,,,,,,,,,,,카카오놀라,,,,,,,,
,,,,,,,,,,,,,,,,,,,,,,,,,,,,,,,코코넛청크,,,,,,,,
,,,,,,,,,,,,,,,,,,,,,,,,,,,,,,,오트머거,,,,,,,,
,,,,,,,,,,,,,,,,,,,,,,,,,,,,,,,하이 바나나,,,,,,,,
,,,,,,,,,,,,,,,,,,,,,,,,,,,,,,,허니머거,,,,,,,,
,,,,,,,,,,,,,,,,,,,,,,,,,,,,,,,하이베리,,,,,,,,
,,,,,,,,,,,,,,,,,,,,,,,,,,,,,,,고구마머거,,,,,,,,
,,,,,,,,,,,,,,,,,,,,,,,,,,,,,,,청포도머거,,,,,,,,
,,,,,,,,,,,,,,,,,,,,,,,,,,,,,,,베리,,,,,,,,
,,,,,,,,,,,,,,,,,,,,,,,,,,,,,,,하이 인절미,,,,,,,,
,,,,,,,,,,,,,,,,,,,,,,,,,,,,,,,사과머거,,,,,,,,
,,,,,,,,,,,,,,,,,,,,,,,,,,,,,,,오렌지머거,,,,,,,,
,,,,,,,,,,,,,,,,,,,,,,,,,,,,,,,하이사과,,,,,,,,
,,,,,,,,,,,,,,,,,,,,,,,,,,,,,,,자몽머거,,,,,,,,
,,,,,,,,,,,,,,,,,,,,,,,,,,,,,,,메이플피칸,,,,,,,,
,,,,,,,,,,,,,,,,,,,,,,,,,,,,,,,아이파베스,,,,,,,,
,,,,,,,,,,,,,,,,,,,,,,,,,,,,,,,미트번,,,,,,,,
,,,,,,,,,,,,,,,,,,,,,,,,,,,,,,,스윗 플라워 가든,,,,,,,,
,,,,,,,,,,,,,,,,,,,,,,,,,,,,,,,플레이 모두의 마블,,,,,,,,
,,,,,,,,,,,,,,,,,,,,,,,,,,,,,,,시크릿 어피치,,,,,,,,
,,,,,,,,,,,,,,,,,,,,,,,,,,,,,,,해피데이 카카오 프렌즈,,,,,,,,
,,,,,,,,,,,,,,,,,,,,,,,,,,,,,,,하프갤론,,,,,,,,
,,,,,,,,,,,,,,,,,,,,,,,,,,,,,,,래디팩,,,,,,,,
,,,,,,,,,,,,,,,,,,,,,,,,,,,,,,,아이스 모찌,,,,,,,,
,,,,,,,,,,,,,,,,,,,,,,,,,,,,,,,파인트,,,,,,,,
,,,,,,,,,,,,,,,,,,,,,,,,,,,,,,,스마일 스노우 블러섬,,,,,,,,
,,,,,,,,,,,,,,,,,,,,,,,,,,,,,,,리얼 27큐브,,,,,,,,
,,,,,,,,,,,,,,,,,,,,,,,,,,,,,,,베리베리스트로베리 래디팩,,,,,,,,
,,,,,,,,,,,,,,,,,,,,,,,,,,,,,,,달콤한 선물상자,,,,,,,,
,,,,,,,,,,,,,,,,,,,,,,,,,,,,,,,와츄원,,,,,,,,
,,,,,,,,,,,,,,,,,,,,,,,,,,,,,,,시크릿 라이언,,,,,,,,
,,,,,,,,,,,,,,,,,,,,,,,,,,,,,,,블록팩,,,,,,,,
,,,,,,,,,,,,,,,,,,,,,,,,,,,,,,,패밀리,,,,,,,,
,,,,,,,,,,,,,,,,,,,,,,,,,,,,,,,쿼터,,,,,,,,
,,,,,,,,,,,,,,,,,,,,,,,,,,,,,,,후르츠링,,,,,,,,
,,,,,,,,,,,,,,,,,,,,,,,,,,,,,,,콘푸라이트,,,,,,,,
,,,,,,,,,,,,,,,,,,,,,,,,,,,,,,,캐빈디쉬하비,,,,,,,,
,,,,,,,,,,,,,,,,,,,,,,,,,,,,,,,혼빙,,,,,,,,
,,,,,,,,,,,,,,,,,,,,,,,,,,,,,,,계피묻은 다이제,,,,,,,,
,,,,,,,,,,,,,,,,,,,,,,,,,,,,,,,그릭 요거 크런치,,,,,,,,
,,,,,,,,,,,,,,,,,,,,,,,,,,,,,,,팝핑보바,,,,,,,,
,,,,,,,,,,,,,,,,,,,,,,,,,,,,,,,타피오카펄,,,,,,,,
,,,,,,,,,,,,,,,,,,,,,,,,,,,,,,,꽈루아상,,,,,,,,
,,,,,,,,,,,,,,,,,,,,,,,,,,,,,,,하모니콘,,,,,,,,
,,,,,,,,,,,,,,,,,,,,,,,,,,,,,,,테린니,,,,,,,,
,,,,,,,,,,,,,,,,,,,,,,,,,,,,,,,팔미까레,,,,,,,,
,,,,,,,,,,,,,,,,,,,,,,,,,,,,,,,말렌카,,,,,,,,
